 ;;LAPORAN PENJUALAN DETAIL;;;;;;PERIODE : 01/07/26 - 31/07/26;;;;
;;INSPIRASI MEDIA KREATIF;;;;;;;;;;
;;;;;;;;;;;;
;;JL. TUKAD BATANGHARI XI NO 2;;;;;;;;;;
;;0361-4783465;;;;;;;;;;
;;-;;;;;;;;;;
 ;;;;;;;;;;;;
No Transaksi;;Tanggal;;Dept.;Kode Pel.;Nama Pelanggan;;;Alamat;;;
 ;;;;;;;;;;;;
 ;;;;;;;;;;;;
JL-0011284-26;;01/07/2026;;;PL6216;SITI DHARWATI - PEKAYON;;;PEKAYON RT 002/008 KEL. PEKAYON, KEC. PASAR REBO JAKARTA TIMUR DKI JAKARTA;;;
No.;Kd. Item;Nama Item;;;;;Jml;Satuan;Harga;Pot. %;Total;
1;LIFE CAT 20 KG;LIFE CAT 20 KG;;;;;2;SAK;526.000;0;1.052.000;
2;MARKOTOPS CAT LITTER 25 L;PASIR MARKOTOPS 25 L;;;;;1;PCS;113.500;0;113.500;
;;;;;; ;;;;;;
;;;;;;;3;;;;1.165.500;
Pot. :;0;;Pajak :;0;;Biaya :;0;;Total Akhir :;1.165.500;;
 ;;;;;;;;;;;;
JL-0011292-26;;01/07/2026;;;PL6780;PENDY EPENDY;;;PERUM PURI HESTI INSANI BLOK B 10 NO.08 RT 017/015 MAMPIR CILENGSI BOGOR JAWA BARAT;;;
No.;Kd. Item;Nama Item;;;;;Jml;Satuan;Harga;Pot. %;Total;
1;MISTER PUSS SALMON 20KG;MISTER PUSS SALMON 20KG;;;;;1;SAK;383.000;0;383.000;
;;;;;; ;;;;;;
;;;;;;;1;;;;383.000;
Pot. :;0;;Pajak :;0;;Biaya :;0;;Total Akhir :;383.000;;
 ;;;;;;;;;;;;
JL-0011294-26;;01/07/2026;;;PL0002;TEGUH PS;;;GUNUNG PUTRI  ;;;
No.;Kd. Item;Nama Item;;;;;Jml;Satuan;Harga;Pot. %;Total;
1;MPKM10K;MISTER PUSS KITTEN MAMA 10KG;;;;;5;SAK;215.000;0;1.075.000;
;;;;;; ;;;;;;
;;;;;;;5;;;;1.075.000;
Pot. :;0;;Pajak :;0;;Biaya :;0;;Total Akhir :;1.075.000;;
 ;;;;;;;;;;;;
JL-0011303-26;;01/07/2026;;;PL4677;AHMED FAOUZI;;;JL MUJAHIDIN RT.011/002 RAMBUTAN CIRACAS( SAMPING SEKOLAHAN SMK WIJAYA KUSUMA )  ;;;
No.;Kd. Item;Nama Item;;;;;Jml;Satuan;Harga;Pot. %;Total;
1;PASIR MIGOO 5 L (ISI 6);PASIR MIGOO 5 L (ISI 6);;;;;6;PCS;22.000;0;132.000;
2;TARO CAT LITTER 5 LT;TARO CAT LITTER 5 LT (ISI 6);;;;;6;PCS;25.000;0;150.000;
3;CAT CHOIZE TUNA 20KG;CAT CHOIZE TUNA 20KG;;;;;1;SAK;419.000;0;419.000;
4;CAT CHOIZE KITTEN TUNA 20KG;CAT CHOIZE KITTEN TUNA 20KG;;;;;1;SAK;471.000;0;471.000;
5;CAT CHOIZE SALMON 20KG;CAT CHOIZE SALMON 20KG;;;;;1;SAK;419.000;0;419.000;
6;CHESTER 20 KG FP - TUNA;CHESTER 20 KG FP - TUNA;;;;;1;SAK;379.000;0;379.000;
7;LIFE CAT 20 KG;LIFE CAT 20 KG;;;;;1;SAK;517.500;0;517.500;
;;;;;; ;;;;;;
;;;;;;;17;;;;2.487.500;
Pot. :;0;;Pajak :;0;;Biaya :;0;;Total Akhir :;2.487.500;;
 ;;;;;;;;;;;;
JL-0011319-26;;01/07/2026;;;PL6883;LABU PETSHOP;;;JL. KAYU MANIS RT 009/005 KEL. BALEKAMBANG, KEC. KRAMATJATI JAKARTA TIMUR DKI JAKARTA;;;
No.;Kd. Item;Nama Item;;;;;Jml;Satuan;Harga;Pot. %;Total;
1;CAT CHOIZE TUNA 20KG;CAT CHOIZE TUNA 20KG;;;;;1;SAK;419.000;0;419.000;
2;CAT CHOIZE SALMON 20KG;CAT CHOIZE SALMON 20KG;;;;;2;SAK;419.000;0;838.000;
3;CAT CHOIZE MOTHER & KITTEN 20KG;CAT CHOIZE MOTHER & KITTEN 20KG;;;;;2;SAK;472.000;0;944.000;
4;MISTER PUSS TUNA 20KG;MISTER PUSS TUNA 20KG;;;;;1;SAK;383.000;0;383.000;
5;MPKM10K;MISTER PUSS KITTEN MAMA 10KG;;;;;2;SAK;221.000;0;442.000;
6;MAXI CAT CHICKEN & TUNA 20KG;MAXI CAT FOOD CHICKEN TUNA 20KG;;;;;2;SAK;541.000;0;1.082.000;
7;BEAUTY CAT 20KG - CHICKEN & SALMON;BEAUTY CAT 20KG - CHICKEN & SALMON;;;;;1;SAK;523.000;0;523.000;
8;BOLT CAT TUNA 20KG IKAN FRESHPACK;BOLT CAT TUNA 20KG IKAN FRESHPACK;;;;;1;SAK;415.000;0;415.000;
9;LEZATO TUNA 20KG;LEZATO TUNA 20KG;;;;;2;SAK;398.000;0;796.000;
;;;;;; ;;;;;;
;;;;;;;14;;;;5.842.000;
Pot. :;0;;Pajak :;0;;Biaya :;0;;Total Akhir :;5.842.000;;
 ;;;;;;;;;;;;
JL-0011320-26;;01/07/2026;;;PL7600;FIKRI MAULANA;;;JL. KH. SYAHDAN GG. U II NO. 59 RT 007/012 PAL MERAH JAKARTA BARAT DKI JAKARTA;;;
No.;Kd. Item;Nama Item;;;;;Jml;Satuan;Harga;Pot. %;Total;
1;TOP CAT LITTER 25 L;TOP CAT LITTER 25 L;;;;;5;PCS;105.000;0;525.000;
2;TARO CAT LITTER 25 L;TARO CAT LITTER 25 L;;;;;5;PCS;92.000;0;460.000;
3;TOP CAT LITTER 10 L;TOP CAT LITTER 10 L (ISI 3);;;;;6;PCS;49.000;0;294.000;
4;TARO CAT LITTER 5 LT;TARO CAT LITTER 5 LT (ISI 6);;;;;12;PCS;25.000;0;300.000;
5;TARO CAT LITTER 10 L;TARO CAT LITTER 10 L (ISI 3);;;;;6;PCS;45.500;0;273.000;
6;CAT CHOIZE SALMON 20KG;CAT CHOIZE SALMON 20KG;;;;;3;SAK;419.000;0;1.257.000;
7;CAT CHOIZE MOTHER & KITTEN 20KG;CAT CHOIZE MOTHER & KITTEN 20KG;;;;;1;SAK;472.000;0;472.000;
8;MARKOTOPS CAT LITTER 5.5 L;PASIR MARKOTOPS 5.5 L (ISI 5);;;;;5;PCS;30.000;0;150.000;
9;TOP CAT LITTER 5 L;TOP CAT LITTER 5 L (ISI 6);;;;;6;PCS;27.500;0;165.000;
;;;;;; ;;;;;;
;;;;;;;49;;;;3.896.000;
Pot. :;0;;Pajak :;0;;Biaya :;0;;Total Akhir :;3.896.000;;
 ;;;;;;;;;;;;
JL-0011321-26;;01/07/2026;;;PL5384;MIAW PETSHOP 3 - KRAMATJATI;;;JL. NUSA I RT 002/003 KEL. KRAMATJATI, KEC. KRAMATJATI  ;;;
No.;Kd. Item;Nama Item;;;;;Jml;Satuan;Harga;Pot. %;Total;
1;LIFE CAT 20 KG;LIFE CAT 20 KG;;;;;2;SAK;517.500;0;1.035.000;
2;EXCEL CAT 20 KG M&K;EXCEL CAT 20 KG MOTHER & KITTEN;;;;;1;SAK;470.000;0;470.000;
3;BOLT CAT TUNA 20KG IKAN FRESHPACK;BOLT CAT TUNA 20KG IKAN FRESHPACK;;;;;3;SAK;415.000;0;1.245.000;
4;MEO 7 KG - PERSIAN;MEO 6.8 KG - PERSIAN;;;;;1;SAK;297.000;0;297.000;
5;MEO 7 KG - TUNA;MEO 7 KG - TUNA;;;;;1;SAK;253.000;0;253.000;
6;MEO 7 KG - KITTEN OCEAN FISH;MEO 7 KG - KITTEN OCEAN FISH;;;;;2;SAK;297.000;0;594.000;
7;BOLT DOG 20KG BEEF - FRESHPACK;BOLT DOG 20KG BEEF - FRESHPACK;;;;;1;SAK;335.000;0;335.000;
8;BEAUTY CAT 20KG - CHICKEN & SALMON;BEAUTY CAT 20KG - CHICKEN & SALMON;;;;;2;SAK;523.000;0;1.046.000;
9;CAT CHOIZE KITTEN TUNA 20KG;CAT CHOIZE KITTEN TUNA 20KG;;;;;2;SAK;471.000;0;942.000;
10;CAT CHOIZE TUNA 20KG;CAT CHOIZE TUNA 20KG;;;;;3;SAK;419.000;0;1.257.000;
11;CAT CHOIZE SALMON 20KG;CAT CHOIZE SALMON 20KG;;;;;2;SAK;419.000;0;838.000;
12;CHESTER 20 KG FP - TUNA;CHESTER 20 KG FP - TUNA;;;;;1;SAK;379.000;0;379.000;
13;EXCEL CAT 20 KG C&T S;EXCEL CAT 20 KG CHICK&TUNA SEGITIGA;;;;;1;SAK;423.500;0;423.500;
14;BOLT CAT MOTHER&KITTEN 20KG TUNA;BOLT CAT MOTHER&KITTEN 20KG TUNA;;;;;1;SAK;471.500;0;471.500;
15;TARO CAT LITTER 5 LT;TARO CAT LITTER 5 LT (ISI 6);;;;;12;PCS;25.000;0;300.000;
16;MISTER PUSS SALMON 20KG;MISTER PUSS SALMON 20KG;;;;;1;SAK;383.000;0;383.000;
;;;;;; ;;;;;;
;;;;;;;36;;;;10.269.000;
Pot. :;0;;Pajak :;0;;Biaya :;0;;Total Akhir :;10.269.000;;
 ;;;;;;;;;;;;
JL-0011327-26;;01/07/2026;;;PL4101;NORMAT - LUBANG BUAYA;;;JL ALBAIDO RT.06/06 SMP 157  LUBANG BUAYA (SEBELAH DOK.SRI KUNING)  ;;;
No.;Kd. Item;Nama Item;;;;;Jml;Satuan;Harga;Pot. %;Total;
1;PAWSITIVE CAT SAND 25 L;PAWSITIVE CAT SAND 25 L;;;;;6;PCS;108.000;0;648.000;
;;;;;; ;;;;;;
;;;;;;;6;;;;648.000;
Pot. :;0;;Pajak :;0;;Biaya :;0;;Total Akhir :;648.000;;
 ;;;;;;;;;;;;
JL-0011360-26;;01/07/2026;;;PL6217;LUSI INDRIYANI;;;CIPINANG ASEM NO.25 RT 012/002 KEL. KEBON PALA, KEC. MAKASAR JAKARTA TIMUR DKI JAKARTA;;;
No.;Kd. Item;Nama Item;;;;;Jml;Satuan;Harga;Pot. %;Total;
1;CHESTER 20 KG FP - TUNA;CHESTER 20 KG FP - TUNA;;;;;1;SAK;379.000;0;379.000;
2;MISTER PUSS SALMON 20KG;MISTER PUSS SALMON 20KG;;;;;1;SAK;383.000;0;383.000;
;;;;;; ;;;;;;
;;;;;;;2;;;;762.000;
Pot. :;0;;Pajak :;0;;Biaya :;0;;Total Akhir :;762.000;;
 ;;;;;;;;;;;;
JL-0011368-26;;02/07/2026;;;PL2416;ARIF MURTADO;;;KP. LEUWINANGGUNG RT 001-008 LEUWINANGGUNG TAPOS DEPOK JAWA BARAT;;;
No.;Kd. Item;Nama Item;;;;;Jml;Satuan;Harga;Pot. %;Total;
1;BOLT CAT TUNA 20KG IKAN FRESHPACK;BOLT CAT TUNA 20KG IKAN FRESHPACK;;;;;5;SAK;415.000;0;2.075.000;
2;BOLT CAT TUNA 20KG DONAT FRESHPACK;BOLT CAT TUNA 20KG DONAT FRESHPACK;;;;;1;SAK;415.000;0;415.000;
3;MISTER PUSS SALMON 20KG;MISTER PUSS SALMON 20KG;;;;;1;SAK;383.000;0;383.000;
4;EXCEL CAT 20 KG TI;EXCEL CAT 20 KG TUNA IKAN;;;;;1;SAK;423.500;0;423.500;
5;CAT CHOIZE MOTHER & KITTEN 20KG;CAT CHOIZE MOTHER & KITTEN 20KG;;;;;1;SAK;472.000;0;472.000;
6;LEZATO TUNA 20KG;LEZATO TUNA 20KG;;;;;1;SAK;398.000;0;398.000;
7;TOP CAT LITTER 10 L;TOP CAT LITTER 10 L (ISI 3);;;;;24;PCS;49.000;0;1.176.000;
8;TOP CAT LITTER 5 L;TOP CAT LITTER 5 L (ISI 6);;;;;12;PCS;27.500;0;330.000;
9;TARO CAT LITTER 10 L;TARO CAT LITTER 10 L (ISI 3);;;;;6;PCS;45.500;0;273.000;
;;;;;; ;;;;;;
;;;;;;;52;;;;5.945.500;
Pot. :;0;;Pajak :;0;;Biaya :;0;;Total Akhir :;5.945.500;;
 ;;;;;;;;;;;;
JL-0011374-26;;02/07/2026;;;PL0730;SOHARI;;;SRUMBUNG RT003/000 SEGOROYOSO PELRET BANTUL DI YOGYAKARTA;;;
No.;Kd. Item;Nama Item;;;;;Jml;Satuan;Harga;Pot. %;Total;
1;CAT CHOIZE KITTEN TUNA 20KG;CAT CHOIZE KITTEN TUNA 20KG;;;;;1;SAK;471.000;0;471.000;
;;;;;; ;;;;;;
;;;;;;;1;;;;471.000;
Pot. :;0;;Pajak :;0;;Biaya :;0;;Total Akhir :;471.000;;
 ;;;;;;;;;;;;
JL-0011376-26;;02/07/2026;;;PL5128;ABIAN FARM - JAGAKARSA;;;JL.JAGAKARSA RAYA  NO.4/65 RT.009/003 KEL.JAGAKARSA JAKARTA SELATAN ;;;
No.;Kd. Item;Nama Item;;;;;Jml;Satuan;Harga;Pot. %;Total;
1;CAT CHOIZE TUNA 20KG;CAT CHOIZE TUNA 20KG;;;;;10;SAK;419.000;0;4.190.000;
2;EXCEL CAT 20 KG TI;EXCEL CAT 20 KG TUNA IKAN;;;;;5;SAK;423.500;0;2.117.500;
;;;;;; ;;;;;;
;;;;;;;15;;;;6.307.500;
Pot. :;0;;Pajak :;0;;Biaya :;0;;Total Akhir :;6.307.500;;
 ;;;;;;;;;;;;
JL-0011383-26;;02/07/2026;;;PL0168;SARTO - JAGAKARSA;;;JAGAKARSA JAKARTA SELATAN DKI JAKARTA;;;
No.;Kd. Item;Nama Item;;;;;Jml;Satuan;Harga;Pot. %;Total;
1;CAT CHOIZE KITTEN TUNA 20KG;CAT CHOIZE KITTEN TUNA 20KG;;;;;1;SAK;471.000;0;471.000;
;;;;;; ;;;;;;
;;;;;;;1;;;;471.000;
Pot. :;0;;Pajak :;0;;Biaya :;0;;Total Akhir :;471.000;;
 ;;;;;;;;;;;;
JL-0011392-26;;02/07/2026;;;PL3742;SOPIAN SAPUTRA - TUGU CIMANGGIS;;;KOMP. TIMAH BLOK HH2 NO.23B RT.007/012 KEL. TUGU KEC. CIMANGGIS KOTA DEPOK JAWA BARAT;;;
No.;Kd. Item;Nama Item;;;;;Jml;Satuan;Harga;Pot. %;Total;
1;CAT CHOIZE KITTEN TUNA 20KG;CAT CHOIZE KITTEN TUNA 20KG;;;;;1;SAK;471.000;0;471.000;
;;;;;; ;;;;;;
;;;;;;;1;;;;471.000;
Pot. :;0;;Pajak :;0;;Biaya :;0;;Total Akhir :;471.000;;
 ;;;;;;;;;;;;
JL-0011394-26;;02/07/2026;;;PL1122;WIDOYO;;;JL.PASAR KECAPI JATI WARNA PONDOK MELATI (KIOS RAFLI)  ;;;
No.;Kd. Item;Nama Item;;;;;Jml;Satuan;Harga;Pot. %;Total;
1;CAT CHOIZE KITTEN TUNA 20KG;CAT CHOIZE KITTEN TUNA 20KG;;;;;5;SAK;469.000;0;2.345.000;
2;LEZATO TUNA 20KG;LEZATO TUNA 20KG;;;;;5;SAK;396.000;0;1.980.000;
3;CAT CHOIZE TUNA 20KG;CAT CHOIZE TUNA 20KG;;;;;5;SAK;417.000;0;2.085.000;
4;CAT CHOIZE SALMON 20KG;CAT CHOIZE SALMON 20KG;;;;;5;SAK;417.000;0;2.085.000;
5;BOLT CAT TUNA 20KG IKAN FRESHPACK;BOLT CAT TUNA 20KG IKAN FRESHPACK;;;;;35;SAK;413.000;0;14.455.000;
6;BOLT CAT SALMON 20KG FRESHPACK BULAT;BOLT CAT SALMON 20KG FRESHPACK BULAT;;;;;5;SAK;413.000;0;2.065.000;
;;;;;; ;;;;;;
;;;;;;;60;;;;25.015.000;
Pot. :;0;;Pajak :;0;;Biaya :;0;;Total Akhir :;25.015.000;;
 ;;;;;;;;;;;;
JL-0011396-26;;02/07/2026;;;PL5128;ABIAN FARM - JAGAKARSA;;;JL.JAGAKARSA RAYA  NO.4/65 RT.009/003 KEL.JAGAKARSA JAKARTA SELATAN ;;;
No.;Kd. Item;Nama Item;;;;;Jml;Satuan;Harga;Pot. %;Total;
1;MARKOTOPS CAT LITTER 5.5 L;PASIR MARKOTOPS 5.5 L (ISI 5);;;;;25;PCS;30.000;0;750.000;
2;MARKOTOPS CAT LITTER 10 LTR;PASIR MARKOTOPS 10 L (ISI 3);;;;;15;PCS;52.500;0;787.500;
3;PAWSITIVE CAT SAND 5.5 L (ISI 5);PAWSITIVE CAT SAND 5.5 L (ISI 5);;;;;25;PCS;30.500;0;762.500;
4;PAWSITIVE CAT SAND 10 L;PAWSITIVE CAT SAND 10 L (ISI 3);;;;;15;PCS;53.000;0;795.000;
5;TARO CAT LITTER 5 LT;TARO CAT LITTER 5 LT (ISI 6);;;;;30;PCS;25.000;0;750.000;
6;CAT CHOIZE KITTEN TUNA 20KG;CAT CHOIZE KITTEN TUNA 20KG;;;;;3;SAK;471.000;0;1.413.000;
7;CAT CHOIZE SALMON 20KG;CAT CHOIZE SALMON 20KG;;;;;3;SAK;419.000;0;1.257.000;
8;LEZATO TUNA 20KG;LEZATO TUNA 20KG;;;;;2;SAK;398.000;0;796.000;
9;CHESTER 20 KG FP - TUNA;CHESTER 20 KG FP - TUNA;;;;;2;SAK;379.000;0;758.000;
10;BOLT CAT MOTHER&KITTEN 20KG SALMON;BOLT CAT MOTHER&KITTEN 20KG SALMON;;;;;2;SAK;471.500;0;943.000;
11;MISTER PUSS SALMON 20KG;MISTER PUSS SALMON 20KG;;;;;3;SAK;383.000;0;1.149.000;
12;MISTER PUSS TUNA 20KG;MISTER PUSS TUNA 20KG;;;;;3;SAK;383.000;0;1.149.000;
;;;;;; ;;;;;;
;;;;;;;128;;;;11.310.000;
Pot. :;0;;Pajak :;0;;Biaya :;0;;Total Akhir :;11.310.000;;
 ;;;;;;;;;;;;
JL-0011399-26;;02/07/2026;;;PL1499;JAMHURI;;;DESA KEBANDINGAN NO.23 RT.002/001 KEL. KEBANDINGAN KEC. KEDUNGBANTENG KABUPATEN TEGAL JAWA TENGAH;;;
No.;Kd. Item;Nama Item;;;;;Jml;Satuan;Harga;Pot. %;Total;
1;BOLT DOG 20KG LAMB - FRESHPACK;BOLT DOG 20KG LAMB - FRESHPACK;;;;;2;SAK;342.000;0;684.000;
;;;;;; ;;;;;;
;;;;;;;2;;;;684.000;
Pot. :;0;;Pajak :;0;;Biaya :;0;;Total Akhir :;684.000;;
 ;;;;;;;;;;;;
JL-0011403-26;;02/07/2026;;;PL7317;MUHAMMAD SIDIK;;;KEBAGUSAN WATES NO.21 RT.008/004 KEL. KEBAGUSAN KEC. PASAR MINGGU JAKARTA SELATAN DKI JAKARTA;;;
No.;Kd. Item;Nama Item;;;;;Jml;Satuan;Harga;Pot. %;Total;
1;PASIR BOSSCAT 25 L;PASIR BOSS CAT 25 L;;;;;2;PCS;90.000;0;180.000;
2;BOLT CAT TUNA 20KG IKAN FRESHPACK;BOLT CAT TUNA 20KG IKAN FRESHPACK;;;;;1;SAK;415.000;0;415.000;
3;BEAUTY CAT 20KG - CHICKEN & SALMON;BEAUTY CAT 20KG - CHICKEN & SALMON;;;;;1;SAK;523.000;0;523.000;
4;CAT CHOIZE KITTEN TUNA 20KG;CAT CHOIZE KITTEN TUNA 20KG;;;;;1;SAK;471.000;0;471.000;
5;EXCEL CAT 20 KG TI;EXCEL CAT 20 KG TUNA IKAN;;;;;1;SAK;423.500;0;423.500;
6;BOLT CAT SALMON 20KG FRESHPACK BULAT;BOLT CAT SALMON 20KG FRESHPACK BULAT;;;;;1;SAK;415.000;0;415.000;
7;MISTER PUSS TUNA 20KG;MISTER PUSS TUNA 20KG;;;;;1;SAK;383.000;0;383.000;
;;;;;; ;;;;;;
;;;;;;;8;;;;2.810.500;
Pot. :;0;;Pajak :;0;;Biaya :;0;;Total Akhir :;2.810.500;;
 ;;;;;;;;;;;;
JL-0011404-26;;02/07/2026;;;PL1759;HADY (LEOPARD) - PS. MINGGU;;;JL. RAYA RAGUNAN KOMP. KEJAKSAAN AGUNG BLOK C NO.2 RT/RW 03/03 PASAR MINGGU  ;;;
No.;Kd. Item;Nama Item;;;;;Jml;Satuan;Harga;Pot. %;Total;
1;LIFE CAT 20 KG;LIFE CAT 20 KG;;;;;1;SAK;515.500;0;515.500;
2;BOLT CAT TUNA 20KG IKAN FRESHPACK;BOLT CAT TUNA 20KG IKAN FRESHPACK;;;;;5;SAK;413.000;0;2.065.000;
3;BOLT CAT SALMON 20KG FRESHPACK BULAT;BOLT CAT SALMON 20KG FRESHPACK BULAT;;;;;1;SAK;413.000;0;413.000;
4;CAT CHOIZE TUNA 20KG;CAT CHOIZE TUNA 20KG;;;;;2;SAK;417.000;0;834.000;
5;FELIBITE 500 GR I (SAK);FELIBITE 500 GR IKAN (SAK);;;;;1;SAK;440.500;0;440.500;
6;FELIBITE 500 GR SM (SAK);FELIBITE 500 GR SALMON MENTAI (SAK);;;;;1;SAK;440.500;0;440.500;
7;LEZATO TUNA 20KG;LEZATO TUNA 20KG;;;;;1;SAK;396.000;0;396.000;
8;EXCEL CAT 20 KG TI;EXCEL CAT 20 KG TUNA IKAN;;;;;1;SAK;418.500;0;418.500;
9;CAT CHOIZE KITTEN SALMON 20KG;CAT CHOIZE KITTEN SALMON 20KG;;;;;2;SAK;469.000;0;938.000;
10;MISTER PUSS TUNA 20KG;MISTER PUSS TUNA 20KG;;;;;1;SAK;380.000;0;380.000;
;;;;;; ;;;;;;
;;;;;;;16;;;;6.841.000;
Pot. :;0;;Pajak :;0;;Biaya :;0;;Total Akhir :;6.841.000;;
 ;;;;;;;;;;;;
JL-0011416-26;;02/07/2026;;;PL1595;SUSANTO;;;JL. RAYA CILILITAN BESAR NO.100 A ( DEPAN KOMPLEK KODIM )  ;;;
No.;Kd. Item;Nama Item;;;;;Jml;Satuan;Harga;Pot. %;Total;
1;LIFE CAT 20 KG;LIFE CAT 20 KG;;;;;3;SAK;517.500;0;1.552.500;
2;CAT CHOIZE SALMON 20KG;CAT CHOIZE SALMON 20KG;;;;;3;SAK;419.000;0;1.257.000;
3;CAT CHOIZE TUNA 20KG;CAT CHOIZE TUNA 20KG;;;;;2;SAK;419.000;0;838.000;
4;PASIR BOSSCAT 5.5 L;PASIR BOSS CAT 5.5 L (ISI 5);;;;;30;PCS;26.000;0;780.000;
;;;;;; ;;;;;;
;;;;;;;38;;;;4.427.500;
Pot. :;0;;Pajak :;0;;Biaya :;0;;Total Akhir :;4.427.500;;
 ;;;;;;;;;;;;
JL-0011447-26;;03/07/2026;;;PL4677;AHMED FAOUZI;;;JL MUJAHIDIN RT.011/002 RAMBUTAN CIRACAS( SAMPING SEKOLAHAN SMK WIJAYA KUSUMA )  ;;;
No.;Kd. Item;Nama Item;;;;;Jml;Satuan;Harga;Pot. %;Total;
1;TARO CAT LITTER 5 LT;TARO CAT LITTER 5 LT (ISI 6);;;;;6;PCS;25.000;0;150.000;
2;PASIR MIGOO 10 L (ISI 3);PASIR MIGOO 10 L (ISI 3);;;;;3;PCS;41.000;0;123.000;
3;PASIR MIGOO 25 L;PASIR MIGOO 25 L;;;;;3;PCS;82.000;0;246.000;
;;;;;; ;;;;;;
;;;;;;;12;;;;519.000;
Pot. :;0;;Pajak :;0;;Biaya :;0;;Total Akhir :;519.000;;
 ;;;;;;;;;;;;
JL-0011454-26;;03/07/2026;;;PL6872;LISTIANI TJAHYANINGDIAH;;;KOMP BLK NO. 5 RT 009-001 SUSUKAN CIRACAS JAKARTA TIMUR DKI JAKARTA;;;
No.;Kd. Item;Nama Item;;;;;Jml;Satuan;Harga;Pot. %;Total;
1;TARO CAT LITTER 25 L;TARO CAT LITTER 25 L;;;;;7;PCS;92.000;0;644.000;
;;;;;; ;;;;;;
;;;;;;;7;;;;644.000;
Pot. :;0;;Pajak :;0;;Biaya :;0;;Total Akhir :;644.000;;
 ;;;;;;;;;;;;
JL-0011458-26;;03/07/2026;;;PL7083;ELSY PURWITASARI;;;SMA 58 CIRACAS NO.10 (DEKET KELURAHAN CICARAS SAMPING INDOMARET)  ;;;
No.;Kd. Item;Nama Item;;;;;Jml;Satuan;Harga;Pot. %;Total;
1;PASIR BOSSCAT 25 L;PASIR BOSS CAT 25 L;;;;;1;PCS;90.000;0;90.000;
;;;;;; ;;;;;;
;;;;;;;1;;;;90.000;
Pot. :;0;;Pajak :;0;;Biaya :;0;;Total Akhir :;90.000;;
 ;;;;;;;;;;;;
JL-0011460-26;;03/07/2026;;;PL5500;DZUL FACHRY AZHARY;;;JL. TAPOS RAYA CIMPAEUN, KEC. TAPOS (PERMATA PANCING)  ;;;
No.;Kd. Item;Nama Item;;;;;Jml;Satuan;Harga;Pot. %;Total;
1;CAT CHOIZE TUNA 20KG;CAT CHOIZE TUNA 20KG;;;;;2;SAK;417.000;0;834.000;
2;CAT CHOIZE SALMON 20KG;CAT CHOIZE SALMON 20KG;;;;;2;SAK;417.000;0;834.000;
3;FELIBITE 500 GR I (SAK);FELIBITE 500 GR IKAN (SAK);;;;;1;SAK;440.500;0;440.500;
4;MISTER PUSS TUNA 20KG;MISTER PUSS TUNA 20KG;;;;;2;SAK;380.000;0;760.000;
5;MISTER PUSS SALMON 20KG;MISTER PUSS SALMON 20KG;;;;;2;SAK;380.000;0;760.000;
6;EXCEL CAT 20 KG M&K;EXCEL CAT 20 KG MOTHER & KITTEN;;;;;1;SAK;465.000;0;465.000;
7;PASIR SPS (ALL VARIANT);PASIR ZEOLITE;;;;;3;SAK;20.000;0;60.000;
8;LEZATO TUNA 20KG;LEZATO TUNA 20KG;;;;;1;SAK;396.000;0;396.000;
;;;;;; ;;;;;;
;;;;;;;14;;;;4.549.500;
Pot. :;0;;Pajak :;0;;Biaya :;0;;Total Akhir :;4.549.500;;
 ;;;;;;;;;;;;
JL-0011461-26;;03/07/2026;;;PL4635;ROY TOLHAS SIHOMBING;;;Gg. H. TOHIR NO.64 RT 001/003 KEL. CIRIUNG, KEC. CIBINONG BOGOR  ;;;
No.;Kd. Item;Nama Item;;;;;Jml;Satuan;Harga;Pot. %;Total;
1;CAT CHOIZE KITTEN SALMON 20KG;CAT CHOIZE KITTEN SALMON 20KG;;;;;1;SAK;471.000;0;471.000;
2;CAT CHOIZE KITTEN TUNA 20KG;CAT CHOIZE KITTEN TUNA 20KG;;;;;2;SAK;471.000;0;942.000;
3;CAT CHOIZE TUNA 20KG;CAT CHOIZE TUNA 20KG;;;;;2;SAK;419.000;0;838.000;
4;CAT CHOIZE MOTHER & KITTEN 20KG;CAT CHOIZE MOTHER & KITTEN 20KG;;;;;2;SAK;472.000;0;944.000;
5;BOLT CAT MOTHER&KITTEN 20KG TUNA;BOLT CAT MOTHER&KITTEN 20KG TUNA;;;;;1;SAK;471.500;0;471.500;
6;BOLT CAT TUNA 20KG IKAN FRESHPACK;BOLT CAT TUNA 20KG IKAN FRESHPACK;;;;;2;SAK;415.000;0;830.000;
7;BOLT CAT TUNA 20KG DONAT FRESHPACK;BOLT CAT TUNA 20KG DONAT FRESHPACK;;;;;1;SAK;415.000;0;415.000;
8;CHESTER 20 KG FP - TUNA;CHESTER 20 KG FP - TUNA;;;;;1;SAK;379.000;0;379.000;
9;EXCEL CAT 20 KG M&K;EXCEL CAT 20 KG MOTHER & KITTEN;;;;;1;SAK;470.000;0;470.000;
10;EXCEL CAT 20 KG SALMON;EXCEL CAT 20 KG SALMON KOIN;;;;;1;SAK;423.500;0;423.500;
11;EXCEL CAT 20 KG TI;EXCEL CAT 20 KG TUNA IKAN;;;;;1;SAK;423.500;0;423.500;
12;FELIBITE 500 GR I (SAK);FELIBITE 500 GR IKAN (SAK);;;;;1;SAK;443.000;0;443.000;
13;PASIR BOSSCAT 5.5 L;PASIR BOSS CAT 5.5 L (ISI 5);;;;;40;PCS;26.000;0;1.040.000;
;;;;;; ;;;;;;
;;;;;;;56;;;;8.090.500;
Pot. :;0;;Pajak :;0;;Biaya :;0;;Total Akhir :;8.090.500;;
 ;;;;;;;;;;;;
JL-0011475-26;;03/07/2026;;;PL6844;RADEN BAGUS ANGGY;;;JL. LAPANGAN TEMBAK BLOK 31 H, KELAPA DUA WETAN, CIRACAS (ORGANIC PETSHOP) JAKARTA TIMUR DKI JAKARTA;;;
No.;Kd. Item;Nama Item;;;;;Jml;Satuan;Harga;Pot. %;Total;
1;BOLT CAT TUNA 20KG IKAN FRESHPACK;BOLT CAT TUNA 20KG IKAN FRESHPACK;;;;;2;SAK;415.000;0;830.000;
2;CAT CHOIZE SALMON 20KG;CAT CHOIZE SALMON 20KG;;;;;1;SAK;419.000;0;419.000;
3;TOP CAT LITTER 25 L;TOP CAT LITTER 25 L;;;;;2;PCS;105.000;0;210.000;
4;PASIR SPS (ALL VARIANT);PASIR ZEOLITE;;;;;10;SAK;23.500;0;235.000;
;;;;;; ;;;;;;
;;;;;;;15;;;;1.694.000;
Pot. :;0;;Pajak :;0;;Biaya :;0;;Total Akhir :;1.694.000;;
 ;;;;;;;;;;;;
JL-0011493-26;;04/07/2026;;;PL7083;ELSY PURWITASARI;;;SMA 58 CIRACAS NO.10 (DEKET KELURAHAN CICARAS SAMPING INDOMARET)  ;;;
No.;Kd. Item;Nama Item;;;;;Jml;Satuan;Harga;Pot. %;Total;
1;PASIR BOSSCAT 25 L;PASIR BOSS CAT 25 L;;;;;3;PCS;90.000;0;270.000;
;;;;;; ;;;;;;
;;;;;;;3;;;;270.000;
Pot. :;0;;Pajak :;0;;Biaya :;0;;Total Akhir :;270.000;;
 ;;;;;;;;;;;;
JL-0011497-26;;04/07/2026;;;PL0287;YUDA - CITEUREUP;;;CITEUREUP BOGOR JAWA BARAT;;;
No.;Kd. Item;Nama Item;;;;;Jml;Satuan;Harga;Pot. %;Total;
1;BOLT CAT TUNA 20KG IKAN FRESHPACK;BOLT CAT TUNA 20KG IKAN FRESHPACK;;;;;4;SAK;413.000;0;1.652.000;
2;BOLT CAT TUNA 20KG DONAT FRESHPACK;BOLT CAT TUNA 20KG DONAT FRESHPACK;;;;;1;SAK;413.000;0;413.000;
3;EXCEL CAT 20 KG TI;EXCEL CAT 20 KG TUNA IKAN;;;;;1;SAK;418.500;0;418.500;
4;FELIBITE 500 GR I (SAK);FELIBITE 500 GR IKAN (SAK);;;;;1;SAK;440.500;0;440.500;
5;CAT CHOIZE TUNA 20KG;CAT CHOIZE TUNA 20KG;;;;;1;SAK;417.000;0;417.000;
6;CAT CHOIZE SALMON 20KG;CAT CHOIZE SALMON 20KG;;;;;2;SAK;417.000;0;834.000;
7;CAT CHOIZE KITTEN TUNA 20KG;CAT CHOIZE KITTEN TUNA 20KG;;;;;1;SAK;469.000;0;469.000;
8;MISTER PUSS SALMON 20KG;MISTER PUSS SALMON 20KG;;;;;1;SAK;380.000;0;380.000;
;;;;;; ;;;;;;
;;;;;;;12;;;;5.024.000;
Pot. :;0;;Pajak :;0;;Biaya :;0;;Total Akhir :;5.024.000;;
 ;;;;;;;;;;;;
JL-0011499-26;;04/07/2026;;;PL3824;AHMAD SAIFUDIN;;;KP. UTAN RT008/008 RAGUNAN PS. MINGGU JAKARTA SELATAN DKI JAKARTA;;;
No.;Kd. Item;Nama Item;;;;;Jml;Satuan;Harga;Pot. %;Total;
1;LEZATO TUNA 20KG;LEZATO TUNA 20KG;;;;;1;SAK;398.000;0;398.000;
;;;;;; ;;;;;;
;;;;;;;1;;;;398.000;
Pot. :;0;;Pajak :;0;;Biaya :;0;;Total Akhir :;398.000;;
 ;;;;;;;;;;;;
JL-0011518-26;;04/07/2026;;;PL0188;HADI SUTARNO;;;KELAPA DUA RESIDENCE BLOM G5 RT011/007 TUGU CIMANGGIS DEPOK JAWA BARAT;;;
No.;Kd. Item;Nama Item;;;;;Jml;Satuan;Harga;Pot. %;Total;
1;TOTO CAT LITTER 5 L;TOTO CAT LITTER 5 L (ISI 6);;;;;6;PCS;24.500;0;147.000;
2;TOTO CAT LITTER 10 L;TOTO CAT LITTER 10 L (ISI 3);;;;;3;PCS;45.000;0;135.000;
;;;;;; ;;;;;;
;;;;;;;9;;;;282.000;
Pot. :;0;;Pajak :;0;;Biaya :;0;;Total Akhir :;282.000;;
 ;;;;;;;;;;;;
JL-0011530-26;;04/07/2026;;;PL0139;NAZAR - CIBUBUR;;;JL. PEDURENAN DEPOK RT 02/02 CISALAK PASAR CIMANGGIS DEPOK JAWA BARAT;;;
No.;Kd. Item;Nama Item;;;;;Jml;Satuan;Harga;Pot. %;Total;
1;TOP CAT LITTER 5 L;TOP CAT LITTER 5 L (ISI 6);;;;;12;PCS;25.500;0;306.000;
2;MARKOTOPS CAT LITTER 25 L;PASIR MARKOTOPS 25 L;;;;;5;PCS;104.500;0;522.500;
;;;;;; ;;;;;;
;;;;;;;17;;;;828.500;
Pot. :;0;;Pajak :;0;;Biaya :;0;;Total Akhir :;828.500;;
 ;;;;;;;;;;;;
JL-0011531-26;;04/07/2026;;;PL5606;WILD VET - GONGSENG;;;JL. GONGSENG RAYA NO.04 RT 001/010 KEL. GONGSENG, KEC. PS. REBO (SAMPING ES TEH INDONESIA)  ;;;
No.;Kd. Item;Nama Item;;;;;Jml;Satuan;Harga;Pot. %;Total;
1;TOP CAT LITTER 25 L;TOP CAT LITTER 25 L;;;;;5;PCS;105.000;0;525.000;
2;MISTER PUSS TUNA 20KG;MISTER PUSS TUNA 20KG;;;;;1;SAK;383.000;0;383.000;
3;BEAUTY CAT 20KG - CHICKEN & SALMON;BEAUTY CAT 20KG - CHICKEN & SALMON;;;;;1;SAK;523.000;0;523.000;
;;;;;; ;;;;;;
;;;;;;;7;;;;1.431.000;
Pot. :;0;;Pajak :;0;;Biaya :;0;;Total Akhir :;1.431.000;;
 ;;;;;;;;;;;;
JL-0011574-26;;06/07/2026;;;PL5113;ARAFYAT GIAWA;;;JL. SWADAYA 1 NO. 2 RT 008 / RW. 010 PEJATEN TIMUR PASAR MINGGU JAKARTA SELATAN DKI JAKARTA;;;
No.;Kd. Item;Nama Item;;;;;Jml;Satuan;Harga;Pot. %;Total;
1;TOP CAT LITTER 25 L;TOP CAT LITTER 25 L;;;;;5;PCS;105.000;0;525.000;
2;TOP CAT LITTER 5 L;TOP CAT LITTER 5 L (ISI 6);;;;;60;PCS;27.500;0;1.650.000;
3;CAT CHOIZE KITTEN TUNA 20KG;CAT CHOIZE KITTEN TUNA 20KG;;;;;2;SAK;471.000;0;942.000;
4;CAT CHOIZE MOTHER & KITTEN 20KG;CAT CHOIZE MOTHER & KITTEN 20KG;;;;;1;SAK;472.000;0;472.000;
5;BOLT CAT MOTHER&KITTEN 20KG TUNA;BOLT CAT MOTHER&KITTEN 20KG TUNA;;;;;1;SAK;471.500;0;471.500;
6;CHESTER 20 KG FP - TUNA;CHESTER 20 KG FP - TUNA;;;;;3;SAK;379.000;0;1.137.000;
7;EXCEL CAT 20 KG TI;EXCEL CAT 20 KG TUNA IKAN;;;;;1;SAK;423.500;0;423.500;
8;MEO 7 KG - TUNA;MEO 7 KG - TUNA;;;;;1;SAK;253.000;0;253.000;
;;;;;; ;;;;;;
;;;;;;;74;;;;5.874.000;
Pot. :;0;;Pajak :;0;;Biaya :;0;;Total Akhir :;5.874.000;;
 ;;;;;;;;;;;;
JL-0011577-26;;06/07/2026;;;PL5369;PHENG TJUI;;;PERUMNAS TOKOJO RT.004/013 KIJANG KOTA KEC.BINTAN TIMUR  ;;;
No.;Kd. Item;Nama Item;;;;;Jml;Satuan;Harga;Pot. %;Total;
1;BOLT CAT MOTHER&KITTEN 20KG SALMON;BOLT CAT MOTHER&KITTEN 20KG SALMON;;;;;3;SAK;469.500;0;1.408.500;
2;BOLT CAT MOTHER&KITTEN 20KG TUNA;BOLT CAT MOTHER&KITTEN 20KG TUNA;;;;;3;SAK;469.500;0;1.408.500;
3;MPKM10K;MISTER PUSS KITTEN MAMA 10KG;;;;;10;SAK;218.000;0;2.180.000;
;;;;;; ;;;;;;
;;;;;;;16;;;;4.997.000;
Pot. :;0;;Pajak :;0;;Biaya :;0;;Total Akhir :;4.997.000;;
 ;;;;;;;;;;;;
JL-0011582-26;;06/07/2026;;;PL0002;TEGUH PS;;;GUNUNG PUTRI  ;;;
No.;Kd. Item;Nama Item;;;;;Jml;Satuan;Harga;Pot. %;Total;
1;BOLT CAT TUNA 20KG IKAN FRESHPACK;BOLT CAT TUNA 20KG IKAN FRESHPACK;;;;;40;SAK;410.500;0;16.420.000;
2;CAT CHOIZE TUNA 20KG;CAT CHOIZE TUNA 20KG;;;;;10;SAK;417.000;0;4.170.000;
;;;;;; ;;;;;;
;;;;;;;50;;;;20.590.000;
Pot. :;0;;Pajak :;0;;Biaya :;0;;Total Akhir :;20.590.000;;
 ;;;;;;;;;;;;
JL-0011585-26;;06/07/2026;;;PL4624;TRI WIHARTO;;;JL. KEBAGUSAN 4 DALAM NO.83  ;;;
No.;Kd. Item;Nama Item;;;;;Jml;Satuan;Harga;Pot. %;Total;
1;MARKOTOPS CAT LITTER 5.5 L;PASIR MARKOTOPS 5.5 L (ISI 5);;;;;15;PCS;30.000;0;450.000;
;;;;;; ;;;;;;
;;;;;;;15;;;;450.000;
Pot. :;0;;Pajak :;0;;Biaya :;0;;Total Akhir :;450.000;;
 ;;;;;;;;;;;;
JL-0011587-26;;06/07/2026;;;PL0168;SARTO - JAGAKARSA;;;JAGAKARSA JAKARTA SELATAN DKI JAKARTA;;;
No.;Kd. Item;Nama Item;;;;;Jml;Satuan;Harga;Pot. %;Total;
1;BOLT CAT TUNA 20KG IKAN FRESHPACK;BOLT CAT TUNA 20KG IKAN FRESHPACK;;;;;2;SAK;415.000;0;830.000;
2;LEZATO TUNA 20KG;LEZATO TUNA 20KG;;;;;1;SAK;398.000;0;398.000;
3;CAT CHOIZE KITTEN SALMON 20KG;CAT CHOIZE KITTEN SALMON 20KG;;;;;1;SAK;471.000;0;471.000;
4;BOLT CAT TUNA 20KG DONAT FRESHPACK;BOLT CAT TUNA 20KG DONAT FRESHPACK;;;;;1;SAK;415.000;0;415.000;
5;EXCEL CAT 20 KG TD;EXCEL CAT 20 KG TUNA DONAT;;;;;1;SAK;423.500;0;423.500;
6;CAT CHOIZE TUNA 20KG;CAT CHOIZE TUNA 20KG;;;;;1;SAK;419.000;0;419.000;
7;CAT CHOIZE SALMON 20KG;CAT CHOIZE SALMON 20KG;;;;;1;SAK;419.000;0;419.000;
8;EXCEL CAT 20 KG TI;EXCEL CAT 20 KG TUNA IKAN;;;;;1;SAK;423.500;0;423.500;
;;;;;; ;;;;;;
;;;;;;;9;;;;3.799.000;
Pot. :;0;;Pajak :;0;;Biaya :;0;;Total Akhir :;3.799.000;;
 ;;;;;;;;;;;;
JL-0011606-26;;06/07/2026;;;PL6564;MAMAH DHEA - LIMO DEPOK;;;JL . BENDA BLOK B 10 NO.12 A LIMO DEPOK DEPOK JAWA BARAT;;;
No.;Kd. Item;Nama Item;;;;;Jml;Satuan;Harga;Pot. %;Total;
1;DOG CHOIZE LAMB 20KG;DOG CHOIZE LAMB 20KG;;;;;10;SAK;345.000;0;3.450.000;
;;;;;; ;;;;;;
;;;;;;;10;;;;3.450.000;
Pot. :;0;;Pajak :;0;;Biaya :;0;;Total Akhir :;3.450.000;;
 ;;;;;;;;;;;;
JL-0011625-26;;06/07/2026;;;PL4882;JAKA KURNIAWAN;;;PALSIGUNUNG RT 007/004 TUGU CIMANGGIS DEPOK JAWA BARAT;;;
No.;Kd. Item;Nama Item;;;;;Jml;Satuan;Harga;Pot. %;Total;
1;MPKM10K;MISTER PUSS KITTEN MAMA 10KG;;;;;10;SAK;221.000;0;2.210.000;
2;MISTER PUSS SALMON 20KG;MISTER PUSS SALMON 20KG;;;;;5;SAK;383.000;0;1.915.000;
;;;;;; ;;;;;;
;;;;;;;15;;;;4.125.000;
Pot. :;0;;Pajak :;0;;Biaya :;0;;Total Akhir :;4.125.000;;
 ;;;;;;;;;;;;
JL-0011645-26;;07/07/2026;;;PL0205;MARTINI;;;LENTENG AGUNG  ;;;
No.;Kd. Item;Nama Item;;;;;Jml;Satuan;Harga;Pot. %;Total;
1;TOP CAT LITTER 5 L;TOP CAT LITTER 5 L (ISI 6);;;;;12;PCS;27.500;0;330.000;
;;;;;; ;;;;;;
;;;;;;;12;;;;330.000;
Pot. :;0;;Pajak :;0;;Biaya :;0;;Total Akhir :;330.000;;
 ;;;;;;;;;;;;
JL-0011646-26;;07/07/2026;;;PL2127;AHMAD HIDAYAT;;;GRAHA CIANGSANA ASRI BLOK F.NO.14RT.002/012 BOGOR JAWA BARAT;;;
No.;Kd. Item;Nama Item;;;;;Jml;Satuan;Harga;Pot. %;Total;
1;PASIR BOSSCAT 25 L;PASIR BOSS CAT 25 L;;;;;1;PCS;90.000;0;90.000;
;;;;;; ;;;;;;
;;;;;;;1;;;;90.000;
Pot. :;0;;Pajak :;0;;Biaya :;0;;Total Akhir :;90.000;;
 ;;;;;;;;;;;;
JL-0011649-26;;07/07/2026;;;PL7286;DITA NADIA ALAWIYAH;;;JL. LEMBANG II DALAM NO.24 RT.001/008 SUDIMARA BARAT, CILEDUG KOTA TANGERANG BANTEN TANGERANG ;;;
No.;Kd. Item;Nama Item;;;;;Jml;Satuan;Harga;Pot. %;Total;
1;BOLT CAT TUNA 20KG DONAT FRESHPACK;BOLT CAT TUNA 20KG DONAT FRESHPACK;;;;;2;SAK;415.000;0;830.000;
2;BOLT CAT SALMON 20KG FRESHPACK BULAT;BOLT CAT SALMON 20KG FRESHPACK BULAT;;;;;1;SAK;415.000;0;415.000;
3;BOLT CAT TUNA 20KG IKAN FRESHPACK;BOLT CAT TUNA 20KG IKAN FRESHPACK;;;;;3;SAK;415.000;0;1.245.000;
4;CAT CHOIZE TUNA 20KG;CAT CHOIZE TUNA 20KG;;;;;20;SAK;419.000;0;8.380.000;
5;CAT CHOIZE SALMON 20KG;CAT CHOIZE SALMON 20KG;;;;;10;SAK;419.000;0;4.190.000;
6;CAT CHOIZE KITTEN TUNA 20KG;CAT CHOIZE KITTEN TUNA 20KG;;;;;5;SAK;471.000;0;2.355.000;
7;CHESTER 20 KG FP - TUNA;CHESTER 20 KG FP - TUNA;;;;;6;SAK;379.000;0;2.274.000;
8;EXCEL CAT 20 KG TD;EXCEL CAT 20 KG TUNA DONAT;;;;;1;SAK;423.500;0;423.500;
;;;;;; ;;;;;;
;;;;;;;48;;;;20.112.500;
Pot. :;0;;Pajak :;0;;Biaya :;0;;Total Akhir :;20.112.500;;
 ;;;;;;;;;;;;
JL-0011655-26;;07/07/2026;;;PL3969;RINAWATI - MUNJUL;;;JL. RAYA MALAKA NO.11 RT 06/06 KEL. MUNJUL - CIPAYUNG ( DEKAT GANG BUTON) JAK TIMUR ;;;
No.;Kd. Item;Nama Item;;;;;Jml;Satuan;Harga;Pot. %;Total;
1;LIFE CAT 20 KG;LIFE CAT 20 KG;;;;;2;SAK;517.500;0;1.035.000;
;;;;;; ;;;;;;
;;;;;;;2;;;;1.035.000;
Pot. :;0;;Pajak :;0;;Biaya :;0;;Total Akhir :;1.035.000;;
 ;;;;;;;;;;;;
JL-0011657-26;;07/07/2026;;;PL6124;GINS PETSHOP - KALISARI;;;JL. KALISARI III RT 001/010 GG. H. MUDUK KEL. KALISARI, KEC. PS. REBO  ;;;
No.;Kd. Item;Nama Item;;;;;Jml;Satuan;Harga;Pot. %;Total;
1;BOLT CAT TUNA 20KG IKAN FRESHPACK;BOLT CAT TUNA 20KG IKAN FRESHPACK;;;;;4;SAK;415.000;0;1.660.000;
2;CHESTER 20 KG FP - TUNA;CHESTER 20 KG FP - TUNA;;;;;4;SAK;379.000;0;1.516.000;
3;CAT CHOIZE TUNA 20KG;CAT CHOIZE TUNA 20KG;;;;;3;SAK;419.000;0;1.257.000;
4;CAT CHOIZE SALMON 20KG;CAT CHOIZE SALMON 20KG;;;;;3;SAK;419.000;0;1.257.000;
5;CAT CHOIZE KITTEN SALMON 20KG;CAT CHOIZE KITTEN SALMON 20KG;;;;;1;SAK;471.000;0;471.000;
6;CAT CHOIZE KITTEN TUNA 20KG;CAT CHOIZE KITTEN TUNA 20KG;;;;;3;SAK;471.000;0;1.413.000;
7;BEAUTY CAT 20KG - CHICKEN & SALMON;BEAUTY CAT 20KG - CHICKEN & SALMON;;;;;2;SAK;523.000;0;1.046.000;
8;MISTER PUSS SALMON 20KG;MISTER PUSS SALMON 20KG;;;;;1;SAK;383.000;0;383.000;
9;MISTER PUSS TUNA 20KG;MISTER PUSS TUNA 20KG;;;;;1;SAK;383.000;0;383.000;
10;MPKM10K;MISTER PUSS KITTEN MAMA 10KG;;;;;2;SAK;221.000;0;442.000;
11;LEZATO TUNA 20KG;LEZATO TUNA 20KG;;;;;2;SAK;398.000;0;796.000;
12;LIFE CAT 20 KG;LIFE CAT 20 KG;;;;;2;SAK;517.500;0;1.035.000;
13;EXCEL CAT 20 KG M&K;EXCEL CAT 20 KG MOTHER & KITTEN;;;;;1;SAK;470.000;0;470.000;
14;EXCEL CAT 20 KG TI;EXCEL CAT 20 KG TUNA IKAN;;;;;1;SAK;423.500;0;423.500;
15;PBT-400GR-SAK;PUSSBITE TUNA 400 GR (SAK);;;;;1;SAK;368.500;0;368.500;
16;FELIBITE 500 GR SM (SAK);FELIBITE 500 GR SALMON MENTAI (SAK);;;;;1;SAK;443.000;0;443.000;
17;ORI CAT 20 KG - IKAN FRESH PACK (SAK);ORI CAT 20 KG - IKAN FRESH PACK (SAK);;;;;1;SAK;428.000;0;428.000;
;;;;;; ;;;;;;
;;;;;;;33;;;;13.792.000;
Pot. :;0;;Pajak :;0;;Biaya :;0;;Total Akhir :;13.792.000;;
 ;;;;;;;;;;;;
JL-0011668-26;;07/07/2026;;;PL2588;RN PETSHOP - CIRACAS;;;JL RAYA PKP NO.02 KELAPA DUA WETAN - CIRACAS JAK - TIM ;;;
No.;Kd. Item;Nama Item;;;;;Jml;Satuan;Harga;Pot. %;Total;
1;CAT CHOIZE KITTEN TUNA 20KG;CAT CHOIZE KITTEN TUNA 20KG;;;;;1;SAK;471.000;0;471.000;
2;BEAUTY CAT 20KG - CHICKEN & SALMON;BEAUTY CAT 20KG - CHICKEN & SALMON;;;;;1;SAK;523.000;0;523.000;
3;LIFE CAT 20 KG;LIFE CAT 20 KG;;;;;1;SAK;517.500;0;517.500;
4;MAXI CAT CHICKEN & TUNA 20KG;MAXI CAT FOOD CHICKEN TUNA 20KG;;;;;1;SAK;541.000;0;541.000;
5;EXCEL CAT 20 KG TI;EXCEL CAT 20 KG TUNA IKAN;;;;;3;SAK;423.500;0;1.270.500;
6;MEO 7 KG - TUNA;MEO 7 KG - TUNA;;;;;2;SAK;253.000;0;506.000;
7;CAT CHOIZE SALMON 20KG;CAT CHOIZE SALMON 20KG;;;;;2;SAK;419.000;0;838.000;
;;;;;; ;;;;;;
;;;;;;;11;;;;4.667.000;
Pot. :;0;;Pajak :;0;;Biaya :;0;;Total Akhir :;4.667.000;;
 ;;;;;;;;;;;;
JL-0011688-26;;07/07/2026;;;PL4677;AHMED FAOUZI;;;JL MUJAHIDIN RT.011/002 RAMBUTAN CIRACAS( SAMPING SEKOLAHAN SMK WIJAYA KUSUMA )  ;;;
No.;Kd. Item;Nama Item;;;;;Jml;Satuan;Harga;Pot. %;Total;
1;TARO CAT LITTER 5 LT;TARO CAT LITTER 5 LT (ISI 6);;;;;6;PCS;25.000;0;150.000;
2;PASIR MIGOO 5 L (ISI 6);PASIR MIGOO 5 L (ISI 6);;;;;6;PCS;22.000;0;132.000;
3;PASIR MIGOO 25 L;PASIR MIGOO 25 L;;;;;3;PCS;82.000;0;246.000;
4;CAT CHOIZE KITTEN TUNA 20KG;CAT CHOIZE KITTEN TUNA 20KG;;;;;2;SAK;471.000;0;942.000;
;;;;;; ;;;;;;
;;;;;;;17;;;;1.470.000;
Pot. :;0;;Pajak :;0;;Biaya :;0;;Total Akhir :;1.470.000;;
 ;;;;;;;;;;;;
JL-0011692-26;;07/07/2026;;;PL4995;ALIAN FUMIA MARIA - TAPOS;;;(ALMOZA CATSHOP) JL. LEUWINANGGUNG NO.9 RT 003/006 KEL. TAPOS, KEC. DEPOK DEPOK JAWA BARAT;;;
No.;Kd. Item;Nama Item;;;;;Jml;Satuan;Harga;Pot. %;Total;
1;CAT CHOIZE MOTHER & KITTEN 20KG;CAT CHOIZE MOTHER & KITTEN 20KG;;;;;2;SAK;472.000;0;944.000;
2;LIFE CAT 20 KG;LIFE CAT 20 KG;;;;;5;SAK;517.500;0;2.587.500;
3;MISTER PUSS SALMON 20KG;MISTER PUSS SALMON 20KG;;;;;2;SAK;383.000;0;766.000;
4;MISTER PUSS TUNA 20KG;MISTER PUSS TUNA 20KG;;;;;2;SAK;383.000;0;766.000;
5;PBT-400GR-SAK;PUSSBITE TUNA 400 GR (SAK);;;;;2;SAK;368.500;0;737.000;
6;PBS-400GR-SAK;PUSSBITE SALMON 400 GR (SAK);;;;;2;SAK;368.500;0;737.000;
7;LEZATO TUNA 20KG;LEZATO TUNA 20KG;;;;;2;SAK;398.000;0;796.000;
8;LEZATO KITTEN TUNA 20KG;LEZATO KITTEN TUNA 20KG;;;;;1;SAK;426.500;0;426.500;
9;EXCEL CAT 20 KG M&K;EXCEL CAT 20 KG MOTHER & KITTEN;;;;;1;SAK;470.000;0;470.000;
10;MAXI CAT CHICKEN & TUNA 20KG;MAXI CAT FOOD CHICKEN TUNA 20KG;;;;;3;SAK;541.000;0;1.623.000;
11;ORI CAT 20 KG - IKAN FRESH PACK (SAK);ORI CAT 20 KG - IKAN FRESH PACK (SAK);;;;;1;SAK;428.000;0;428.000;
12;FELIBITE 500 GR TOT (SAK);FELIBITE 500 GR TUNA O TORO (SAK);;;;;1;SAK;443.000;0;443.000;
13;PASIR SPS (ALL VARIANT);PASIR ZEOLITE;;;;;10;SAK;23.500;0;235.000;
14;MARKOTOPS CAT LITTER 25 L;PASIR MARKOTOPS 25 L;;;;;5;PCS;106.500;0;532.500;
15;MARKOTOPS CAT LITTER 10 LTR;PASIR MARKOTOPS 10 L (ISI 3);;;;;3;PCS;52.500;0;157.500;
16;MARKOTOPS CAT LITTER 5.5 L;PASIR MARKOTOPS 5.5 L (ISI 5);;;;;5;PCS;30.000;0;150.000;
;;;;;; ;;;;;;
;;;;;;;47;;;;11.799.000;
Pot. :;0;;Pajak :;0;;Biaya :;0;;Total Akhir :;11.799.000;;
 ;;;;;;;;;;;;
JL-0011695-26;;07/07/2026;;;PL3947;APRIYANTI TRIARINI;;;JL. MAWAR RAYA NO. 33 RT 12/10 GG. H. KUMING KALISARI 3 JAKARTA TIMUR ;;;
No.;Kd. Item;Nama Item;;;;;Jml;Satuan;Harga;Pot. %;Total;
1;BOLT DOG 20KG BEEF - FRESHPACK;BOLT DOG 20KG BEEF - FRESHPACK;;;;;3;SAK;335.000;0;1.005.000;
2;BOLT DOG 20KG LAMB - FRESHPACK;BOLT DOG 20KG LAMB - FRESHPACK;;;;;2;SAK;335.000;0;670.000;
3;MEO 7 KG - TUNA;MEO 7 KG - TUNA;;;;;1;SAK;253.000;0;253.000;
4;MEO 7 KG - SALMON;MEO 7 KG - SALMON;;;;;2;SAK;253.000;0;506.000;
;;;;;; ;;;;;;
;;;;;;;8;;;;2.434.000;
Pot. :;0;;Pajak :;0;;Biaya :;0;;Total Akhir :;2.434.000;;
 ;;;;;;;;;;;;
JL-0011710-26;;08/07/2026;;;PL5098;WIDI HIDAYAT - CILEUNGSI;;;(TOKO NASIONAL) GRAND NUSA INDAH BLOK B1 NO 17, CILEUNGSI BOGOR  ;;;
No.;Kd. Item;Nama Item;;;;;Jml;Satuan;Harga;Pot. %;Total;
1;PBS-400GR-SAK;PUSSBITE SALMON 400 GR (SAK);;;;;3;SAK;368.500;0;1.105.500;
2;MARKOTOPS CAT LITTER 25 L;PASIR MARKOTOPS 25 L;;;;;3;PCS;106.500;0;319.500;
;;;;;; ;;;;;;
;;;;;;;6;;;;1.425.000;
Pot. :;0;;Pajak :;0;;Biaya :;0;;Total Akhir :;1.425.000;;
 ;;;;;;;;;;;;
JL-0011719-26;;08/07/2026;;;PL1599;TONO;;;JL.RAYA TENGAH RT 08/03 CONDET JAKARTA TIMUR ;;;
No.;Kd. Item;Nama Item;;;;;Jml;Satuan;Harga;Pot. %;Total;
1;CAT CHOIZE KITTEN TUNA 20KG;CAT CHOIZE KITTEN TUNA 20KG;;;;;2;SAK;471.000;0;942.000;
2;CAT CHOIZE KITTEN SALMON 20KG;CAT CHOIZE KITTEN SALMON 20KG;;;;;1;SAK;471.000;0;471.000;
3;CAT CHOIZE MOTHER & KITTEN 20KG;CAT CHOIZE MOTHER & KITTEN 20KG;;;;;2;SAK;472.000;0;944.000;
4;CAT CHOIZE SALMON 20KG;CAT CHOIZE SALMON 20KG;;;;;2;SAK;419.000;0;838.000;
5;BOLT CAT TUNA 20KG IKAN FRESHPACK;BOLT CAT TUNA 20KG IKAN FRESHPACK;;;;;3;SAK;415.000;0;1.245.000;
6;BOLT CAT TUNA 20KG DONAT FRESHPACK;BOLT CAT TUNA 20KG DONAT FRESHPACK;;;;;1;SAK;415.000;0;415.000;
7;BOLT CAT MOTHER&KITTEN 20KG TUNA;BOLT CAT MOTHER&KITTEN 20KG TUNA;;;;;1;SAK;471.500;0;471.500;
8;MISTER PUSS SALMON 20KG;MISTER PUSS SALMON 20KG;;;;;1;SAK;383.000;0;383.000;
9;MARKOTOPS CAT LITTER 25 L;PASIR MARKOTOPS 25 L;;;;;1;PCS;106.500;0;106.500;
;;;;;; ;;;;;;
;;;;;;;14;;;;5.816.000;
Pot. :;0;;Pajak :;0;;Biaya :;0;;Total Akhir :;5.816.000;;
 ;;;;;;;;;;;;
JL-0011720-26;;08/07/2026;;;PL2606;RAHMANI;;;JL RAYA KEMANG JAK - SEL ;;;
No.;Kd. Item;Nama Item;;;;;Jml;Satuan;Harga;Pot. %;Total;
1;TARO CAT LITTER 5 LT;TARO CAT LITTER 5 LT (ISI 6);;;;;12;PCS;25.000;0;300.000;
;;;;;; ;;;;;;
;;;;;;;12;;;;300.000;
Pot. :;0;;Pajak :;0;;Biaya :;0;;Total Akhir :;300.000;;
 ;;;;;;;;;;;;
JL-0011736-26;;08/07/2026;;;PL7111;ACHMAD GARNIDA;;;JL. H. RAMLI NO.25-B RT.002/003 KEL. MENTENG DALAM KEC. TEBET JAKARTA SELATAN DKI JAKARTA;;;
No.;Kd. Item;Nama Item;;;;;Jml;Satuan;Harga;Pot. %;Total;
1;MARKOTOPS CAT LITTER 25 L;PASIR MARKOTOPS 25 L;;;;;2;PCS;106.500;0;213.000;
;;;;;; ;;;;;;
;;;;;;;2;;;;213.000;
Pot. :;0;;Pajak :;0;;Biaya :;0;;Total Akhir :;213.000;;
 ;;;;;;;;;;;;
JL-0011743-26;;08/07/2026;;;PL5803;LEON - JATISAMPURNA;;;JL. NILAM II GG. NILAM 5 NO.50 RT 003/010 (PAGAR PT. FAUNA INDONESIA) KEL. JATIRADEN, KEC. JATISAMPURNA  ;;;
No.;Kd. Item;Nama Item;;;;;Jml;Satuan;Harga;Pot. %;Total;
1;BOLT DOG 20KG LAMB - FRESHPACK;BOLT DOG 20KG LAMB - FRESHPACK;;;;;10;SAK;335.000;0;3.350.000;
;;;;;; ;;;;;;
;;;;;;;10;;;;3.350.000;
Pot. :;0;;Pajak :;0;;Biaya :;0;;Total Akhir :;3.350.000;;
 ;;;;;;;;;;;;
JL-0011745-26;;08/07/2026;;;PL5230;MIRNA FERIAN;;;JL KEBON BAWANG IX NO. 27 RT 016/001 KEBON BAWANG TANJUNG PRIOK JAKUT DKI JAKARTA;;;
No.;Kd. Item;Nama Item;;;;;Jml;Satuan;Harga;Pot. %;Total;
1;CHESTER 20 KG FP - TUNA;CHESTER 20 KG FP - TUNA;;;;;1;SAK;377.000;0;377.000;
2;PASIR SPS (ALL VARIANT);PASIR ZEOLITE;;;;;1;SAK;20.000;0;20.000;
;;;;;; ;;;;;;
;;;;;;;2;;;;397.000;
Pot. :;0;;Pajak :;0;;Biaya :;0;;Total Akhir :;397.000;;
 ;;;;;;;;;;;;
JL-0011752-26;;09/07/2026;;;PL0338;AGUNG TRI WIDODO;;;JL.RAYA GONGSENG DEPAN LAPANGAN STIR RT.07/07 JAKARTA TIMUR DKI JAKARTA;;;
No.;Kd. Item;Nama Item;;;;;Jml;Satuan;Harga;Pot. %;Total;
1;TOTO CAT LITTER 5 L;TOTO CAT LITTER 5 L (ISI 6);;;;;6;PCS;24.500;0;147.000;
;;;;;; ;;;;;;
;;;;;;;6;;;;147.000;
Pot. :;0;;Pajak :;0;;Biaya :;0;;Total Akhir :;147.000;;
 ;;;;;;;;;;;;
JL-0011765-26;;09/07/2026;;;PL1122;WIDOYO;;;JL.PASAR KECAPI JATI WARNA PONDOK MELATI (KIOS RAFLI)  ;;;
No.;Kd. Item;Nama Item;;;;;Jml;Satuan;Harga;Pot. %;Total;
1;PASIR SPS (ALL VARIANT);PASIR ZEOLITE;;;;;50;SAK;20.000;0;1.000.000;
2;MARKOTOPS CAT LITTER 5.5 L;PASIR MARKOTOPS 5.5 L (ISI 5);;;;;40;PCS;28.000;0;1.120.000;
3;MARKOTOPS CAT LITTER 10 LTR;PASIR MARKOTOPS 10 L (ISI 3);;;;;45;PCS;50.500;0;2.272.500;
4;MARKOTOPS CAT LITTER 25 L;PASIR MARKOTOPS 25 L;;;;;12;PCS;104.500;0;1.254.000;
5;TOTO CAT LITTER 10 L;TOTO CAT LITTER 10 L (ISI 3);;;;;27;PCS;45.000;0;1.215.000;
6;TOP CAT LITTER 10 L;TOP CAT LITTER 10 L (ISI 3);;;;;60;PCS;47.000;0;2.820.000;
;;;;;; ;;;;;;
;;;;;;;234;;;;9.681.500;
Pot. :;0;;Pajak :;0;;Biaya :;0;;Total Akhir :;9.681.500;;
 ;;;;;;;;;;;;
JL-0011771-26;;09/07/2026;;;PL1072;DWI AGUNG SUBEKTI;;;JL PANCA WARGA IV RT 007/004 SIPINANG BESAR SELATAN JAKARTA TIMUR DKI JAKARTA;;;
No.;Kd. Item;Nama Item;;;;;Jml;Satuan;Harga;Pot. %;Total;
1;CAT CHOIZE TUNA 20KG;CAT CHOIZE TUNA 20KG;;;;;5;SAK;417.000;0;2.085.000;
2;CAT CHOIZE SALMON 20KG;CAT CHOIZE SALMON 20KG;;;;;5;SAK;417.000;0;2.085.000;
3;CAT CHOIZE KITTEN TUNA 20KG;CAT CHOIZE KITTEN TUNA 20KG;;;;;3;SAK;469.000;0;1.407.000;
4;CAT CHOIZE KITTEN SALMON 20KG;CAT CHOIZE KITTEN SALMON 20KG;;;;;3;SAK;469.000;0;1.407.000;
5;EXCEL CAT 20 KG C&T S;EXCEL CAT 20 KG CHICK&TUNA SEGITIGA;;;;;1;SAK;418.500;0;418.500;
6;EXCEL CAT 20 KG TD;EXCEL CAT 20 KG TUNA DONAT;;;;;1;SAK;418.500;0;418.500;
7;EXCEL CAT 20 KG TI;EXCEL CAT 20 KG TUNA IKAN;;;;;2;SAK;418.500;0;837.000;
8;EXCEL CAT 20 KG M&K;EXCEL CAT 20 KG MOTHER & KITTEN;;;;;2;SAK;465.000;0;930.000;
9;CAT CHOIZE MOTHER & KITTEN 20KG;CAT CHOIZE MOTHER & KITTEN 20KG;;;;;2;SAK;470.000;0;940.000;
10;MISTER PUSS TUNA 20KG;MISTER PUSS TUNA 20KG;;;;;1;SAK;380.000;0;380.000;
11;MISTER PUSS SALMON 20KG;MISTER PUSS SALMON 20KG;;;;;1;SAK;380.000;0;380.000;
12;MEO 7 KG - TUNA;MEO 7 KG - TUNA;;;;;1;SAK;251.000;0;251.000;
13;MARKOTOPS CAT LITTER 25 L;PASIR MARKOTOPS 25 L;;;;;10;PCS;104.500;0;1.045.000;
14;PAWSITIVE CAT SAND 5.5 L (ISI 5);PAWSITIVE CAT SAND 5.5 L (ISI 5);;;;;25;PCS;28.500;0;712.500;
15;BEAUTY CAT 20KG - CHICKEN & SALMON;BEAUTY CAT 20KG - CHICKEN & SALMON;;;;;1;SAK;520.500;0;520.500;
;;;;;; ;;;;;;
;;;;;;;63;;;;13.817.000;
Pot. :;0;;Pajak :;0;;Biaya :;0;;Total Akhir :;13.817.000;;
 ;;;;;;;;;;;;
JL-0011776-26;;09/07/2026;;;PL7111;ACHMAD GARNIDA;;;JL. H. RAMLI NO.25-B RT.002/003 KEL. MENTENG DALAM KEC. TEBET JAKARTA SELATAN DKI JAKARTA;;;
No.;Kd. Item;Nama Item;;;;;Jml;Satuan;Harga;Pot. %;Total;
1;FELIBITE 500 GR TOT (SAK);FELIBITE 500 GR TUNA O TORO (SAK);;;;;1;SAK;443.000;0;443.000;
2;CAT CHOIZE KITTEN TUNA 20KG;CAT CHOIZE KITTEN TUNA 20KG;;;;;2;SAK;471.000;0;942.000;
3;CAT CHOIZE SALMON 20KG;CAT CHOIZE SALMON 20KG;;;;;1;SAK;419.000;0;419.000;
4;BOLT CAT SALMON 20KG FRESHPACK BULAT;BOLT CAT SALMON 20KG FRESHPACK BULAT;;;;;1;SAK;415.000;0;415.000;
;;;;;; ;;;;;;
;;;;;;;5;;;;2.219.000;
Pot. :;0;;Pajak :;0;;Biaya :;0;;Total Akhir :;2.219.000;;
 ;;;;;;;;;;;;
JL-0011779-26;;09/07/2026;;;PL4677;AHMED FAOUZI;;;JL MUJAHIDIN RT.011/002 RAMBUTAN CIRACAS( SAMPING SEKOLAHAN SMK WIJAYA KUSUMA )  ;;;
No.;Kd. Item;Nama Item;;;;;Jml;Satuan;Harga;Pot. %;Total;
1;CHESTER 20 KG FP - TUNA;CHESTER 20 KG FP - TUNA;;;;;1;SAK;379.000;0;379.000;
2;TARO CAT LITTER 10 L;TARO CAT LITTER 10 L (ISI 3);;;;;6;PCS;45.500;0;273.000;
;;;;;; ;;;;;;
;;;;;;;7;;;;652.000;
Pot. :;0;;Pajak :;0;;Biaya :;0;;Total Akhir :;652.000;;
 ;;;;;;;;;;;;
JL-0011797-26;;09/07/2026;;;PL6559;TASYA FEBRINA - CIBUBUR;;;JL. MASJID FATHUL GHOFUR 7/4.31B ( COCO KLINIK HEWAN & PETSHOP ) JAKARTA TIMUR DKI JAKARTA;;;
No.;Kd. Item;Nama Item;;;;;Jml;Satuan;Harga;Pot. %;Total;
1;BEAUTY CAT 20KG - CHICKEN & SALMON;BEAUTY CAT 20KG - CHICKEN & SALMON;;;;;1;SAK;523.000;0;523.000;
2;BOLT CAT TUNA 20KG IKAN FRESHPACK;BOLT CAT TUNA 20KG IKAN FRESHPACK;;;;;1;SAK;415.000;0;415.000;
3;CAT CHOIZE SALMON 20KG;CAT CHOIZE SALMON 20KG;;;;;1;SAK;419.000;0;419.000;
4;CAT CHOIZE TUNA 20KG;CAT CHOIZE TUNA 20KG;;;;;2;SAK;419.000;0;838.000;
5;CAT CHOIZE KITTEN TUNA 20KG;CAT CHOIZE KITTEN TUNA 20KG;;;;;1;SAK;471.000;0;471.000;
6;CAT CHOIZE MOTHER & KITTEN 20KG;CAT CHOIZE MOTHER & KITTEN 20KG;;;;;1;SAK;472.000;0;472.000;
7;LEZATO TUNA 20KG;LEZATO TUNA 20KG;;;;;1;SAK;398.000;0;398.000;
8;MEO 7 KG - KITTEN OCEAN FISH;MEO 7 KG - KITTEN OCEAN FISH;;;;;1;SAK;297.000;0;297.000;
9;MISTER PUSS SALMON 20KG;MISTER PUSS SALMON 20KG;;;;;1;SAK;383.000;0;383.000;
10;MISTER PUSS TUNA 20KG;MISTER PUSS TUNA 20KG;;;;;1;SAK;383.000;0;383.000;
11;TOP CAT LITTER 5 L;TOP CAT LITTER 5 L (ISI 6);;;;;12;PCS;27.500;0;330.000;
12;MARKOTOPS CAT LITTER 25 L;PASIR MARKOTOPS 25 L;;;;;6;PCS;106.500;0;639.000;
;;;;;; ;;;;;;
;;;;;;;29;;;;5.568.000;
Pot. :;0;;Pajak :;0;;Biaya :;0;;Total Akhir :;5.568.000;;
 ;;;;;;;;;;;;
JL-0011798-26;;09/07/2026;;;PL3286;TASYA FEBRINA - MUNJUL;;;JL. RAYA MUNJUL RT 05/03 NO.6 - CIPAYUNG ( COCO PETSHOP ) JAKARTA TIMUR ;;;
No.;Kd. Item;Nama Item;;;;;Jml;Satuan;Harga;Pot. %;Total;
1;BOLT CAT TUNA 20KG DONAT FRESHPACK;BOLT CAT TUNA 20KG DONAT FRESHPACK;;;;;1;SAK;415.000;0;415.000;
2;BOLT CAT TUNA 20KG IKAN FRESHPACK;BOLT CAT TUNA 20KG IKAN FRESHPACK;;;;;2;SAK;415.000;0;830.000;
3;CAT CHOIZE SALMON 20KG;CAT CHOIZE SALMON 20KG;;;;;1;SAK;419.000;0;419.000;
4;CAT CHOIZE KITTEN TUNA 20KG;CAT CHOIZE KITTEN TUNA 20KG;;;;;2;SAK;471.000;0;942.000;
5;EXCEL CAT 20 KG M&K;EXCEL CAT 20 KG MOTHER & KITTEN;;;;;1;SAK;470.000;0;470.000;
6;LEZATO TUNA 20KG;LEZATO TUNA 20KG;;;;;1;SAK;398.000;0;398.000;
7;MEO 7 KG - PERSIAN;MEO 6.8 KG - PERSIAN;;;;;2;SAK;297.000;0;594.000;
8;MPKM10K;MISTER PUSS KITTEN MAMA 10KG;;;;;2;SAK;221.000;0;442.000;
9;MISTER PUSS TUNA 20KG;MISTER PUSS TUNA 20KG;;;;;2;SAK;383.000;0;766.000;
10;MISTER PUSS SALMON 20KG;MISTER PUSS SALMON 20KG;;;;;3;SAK;383.000;0;1.149.000;
11;MARKOTOPS CAT LITTER 25 L;PASIR MARKOTOPS 25 L;;;;;5;PCS;106.500;0;532.500;
12;TOP CAT LITTER 5 L;TOP CAT LITTER 5 L (ISI 6);;;;;12;PCS;27.500;0;330.000;
13;TOP CAT LITTER 10 L;TOP CAT LITTER 10 L (ISI 3);;;;;3;PCS;49.000;0;147.000;
14;TOP CAT LITTER 25 L;TOP CAT LITTER 25 L;;;;;4;PCS;105.000;0;420.000;
15;MARKOTOPS CAT LITTER 5.5 L;PASIR MARKOTOPS 5.5 L (ISI 5);;;;;15;PCS;30.000;0;450.000;
;;;;;; ;;;;;;
;;;;;;;56;;;;8.304.500;
Pot. :;0;;Pajak :;0;;Biaya :;0;;Total Akhir :;8.304.500;;
 ;;;;;;;;;;;;
JL-0011806-26;;09/07/2026;;;PL6895;ARDHI SUGIA ARFILA;;;JL. TANJUNG RT. 008 RW. 005 KEL. CIRACAS KEC. CIRACAS JAKARTA TIMUR DKI JAKARTA;;;
No.;Kd. Item;Nama Item;;;;;Jml;Satuan;Harga;Pot. %;Total;
1;BEAUTY CAT 20KG - CHICKEN & SALMON;BEAUTY CAT 20KG - CHICKEN & SALMON;;;;;1;SAK;523.000;0;523.000;
2;ORI CAT 20 KG - IKAN FRESH PACK (SAK);ORI CAT 20 KG - IKAN FRESH PACK (SAK);;;;;1;SAK;428.000;0;428.000;
3;BOLT CAT TUNA 20KG IKAN FRESHPACK;BOLT CAT TUNA 20KG IKAN FRESHPACK;;;;;1;SAK;415.000;0;415.000;
4;CAT CHOIZE SALMON 20KG;CAT CHOIZE SALMON 20KG;;;;;1;SAK;419.000;0;419.000;
5;CAT CHOIZE MOTHER & KITTEN 20KG;CAT CHOIZE MOTHER & KITTEN 20KG;;;;;1;SAK;472.000;0;472.000;
6;CAT CHOIZE KITTEN TUNA 20KG;CAT CHOIZE KITTEN TUNA 20KG;;;;;1;SAK;471.000;0;471.000;
7;CAT CHOIZE KITTEN SALMON 20KG;CAT CHOIZE KITTEN SALMON 20KG;;;;;1;SAK;471.000;0;471.000;
8;CAT CHOIZE TUNA 20KG;CAT CHOIZE TUNA 20KG;;;;;1;SAK;419.000;0;419.000;
9;MARKOTOPS CAT LITTER 5.5 L;PASIR MARKOTOPS 5.5 L (ISI 5);;;;;10;PCS;30.000;0;300.000;
10;MARKOTOPS CAT LITTER 25 L;PASIR MARKOTOPS 25 L;;;;;5;PCS;106.500;0;532.500;
;;;;;; ;;;;;;
;;;;;;;23;;;;4.450.500;
Pot. :;0;;Pajak :;0;;Biaya :;0;;Total Akhir :;4.450.500;;
 ;;;;;;;;;;;;
JL-0011808-26;;09/07/2026;;;PL1759;HADY (LEOPARD) - PS. MINGGU;;;JL. RAYA RAGUNAN KOMP. KEJAKSAAN AGUNG BLOK C NO.2 RT/RW 03/03 PASAR MINGGU  ;;;
No.;Kd. Item;Nama Item;;;;;Jml;Satuan;Harga;Pot. %;Total;
1;PASIR SPS (ALL VARIANT);PASIR ZEOLITE;;;;;10;SAK;20.000;0;200.000;
2;BOLT CAT TUNA 20KG IKAN FRESHPACK;BOLT CAT TUNA 20KG IKAN FRESHPACK;;;;;2;SAK;413.000;0;826.000;
3;BOLT CAT SALMON 20KG FRESHPACK BULAT;BOLT CAT SALMON 20KG FRESHPACK BULAT;;;;;2;SAK;413.000;0;826.000;
4;CAT CHOIZE TUNA 20KG;CAT CHOIZE TUNA 20KG;;;;;1;SAK;417.000;0;417.000;
5;CAT CHOIZE SALMON 20KG;CAT CHOIZE SALMON 20KG;;;;;1;SAK;417.000;0;417.000;
6;CAT CHOIZE KITTEN SALMON 20KG;CAT CHOIZE KITTEN SALMON 20KG;;;;;1;SAK;469.000;0;469.000;
7;CAT CHOIZE KITTEN TUNA 20KG;CAT CHOIZE KITTEN TUNA 20KG;;;;;1;SAK;469.000;0;469.000;
8;CHESTER 20 KG FP - TUNA;CHESTER 20 KG FP - TUNA;;;;;1;SAK;377.000;0;377.000;
9;LEZATO TUNA 20KG;LEZATO TUNA 20KG;;;;;1;SAK;396.000;0;396.000;
10;MISTER PUSS TUNA 20KG;MISTER PUSS TUNA 20KG;;;;;1;SAK;380.000;0;380.000;
11;LIFE CAT 20 KG;LIFE CAT 20 KG;;;;;1;SAK;515.500;0;515.500;
12;MAXI CAT SAND 30 L;PASIR MAXI 30 L;;;;;5;SAK;160.000;0;800.000;
13;MARKOTOPS CAT LITTER 5.5 L;PASIR MARKOTOPS 5.5 L (ISI 5);;;;;15;PCS;28.000;0;420.000;
;;;;;; ;;;;;;
;;;;;;;42;;;;6.512.500;
Pot. :;0;;Pajak :;0;;Biaya :;0;;Total Akhir :;6.512.500;;
 ;;;;;;;;;;;;
JL-0011830-26;;10/07/2026;;;PL4677;AHMED FAOUZI;;;JL MUJAHIDIN RT.011/002 RAMBUTAN CIRACAS( SAMPING SEKOLAHAN SMK WIJAYA KUSUMA )  ;;;
No.;Kd. Item;Nama Item;;;;;Jml;Satuan;Harga;Pot. %;Total;
1;PASIR MIGOO 25 L;PASIR MIGOO 25 L;;;;;3;PCS;82.000;0;246.000;
2;MEO 7 KG - TUNA;MEO 7 KG - TUNA;;;;;1;SAK;253.000;0;253.000;
3;BOLT CAT SALMON 20KG FRESHPACK BULAT;BOLT CAT SALMON 20KG FRESHPACK BULAT;;;;;1;SAK;415.000;0;415.000;
4;CHESTER 20 KG FP - TUNA;CHESTER 20 KG FP - TUNA;;;;;1;SAK;379.000;0;379.000;
5;BEAUTY CAT 20KG - CHICKEN & SALMON;BEAUTY CAT 20KG - CHICKEN & SALMON;;;;;1;SAK;523.000;0;523.000;
6;LIFE CAT 20 KG;LIFE CAT 20 KG;;;;;1;SAK;517.500;0;517.500;
7;CAT CHOIZE SALMON 20KG;CAT CHOIZE SALMON 20KG;;;;;1;SAK;419.000;0;419.000;
8;CAT CHOIZE TUNA 20KG;CAT CHOIZE TUNA 20KG;;;;;2;SAK;419.000;0;838.000;
9;BOLT CAT TUNA 20KG IKAN FRESHPACK;BOLT CAT TUNA 20KG IKAN FRESHPACK;;;;;2;SAK;415.000;0;830.000;
;;;;;; ;;;;;;
;;;;;;;13;;;;4.420.500;
Pot. :;0;;Pajak :;0;;Biaya :;0;;Total Akhir :;4.420.500;;
 ;;;;;;;;;;;;
JL-0011832-26;;10/07/2026;;;PL2541;WARTONO;;;JL. H. ROSANIH RT 001/009 BARU PS. REBO JAKRTA TIMUR ;;;
No.;Kd. Item;Nama Item;;;;;Jml;Satuan;Harga;Pot. %;Total;
1;CAT CHOIZE SALMON 20KG;CAT CHOIZE SALMON 20KG;;;;;1;SAK;419.000;0;419.000;
2;CAT CHOIZE TUNA 20KG;CAT CHOIZE TUNA 20KG;;;;;1;SAK;419.000;0;419.000;
3;CAT CHOIZE KITTEN TUNA 20KG;CAT CHOIZE KITTEN TUNA 20KG;;;;;1;SAK;471.000;0;471.000;
4;BOLT CAT TUNA 20KG IKAN FRESHPACK;BOLT CAT TUNA 20KG IKAN FRESHPACK;;;;;1;SAK;415.000;0;415.000;
5;MISTER PUSS SALMON 20KG;MISTER PUSS SALMON 20KG;;;;;1;SAK;383.000;0;383.000;
;;;;;; ;;;;;;
;;;;;;;5;;;;2.107.000;
Pot. :;0;;Pajak :;0;;Biaya :;0;;Total Akhir :;2.107.000;;
 ;;;;;;;;;;;;
JL-0011853-26;;10/07/2026;;;PL5384;MIAW PETSHOP 3 - KRAMATJATI;;;JL. NUSA I RT 002/003 KEL. KRAMATJATI, KEC. KRAMATJATI  ;;;
No.;Kd. Item;Nama Item;;;;;Jml;Satuan;Harga;Pot. %;Total;
1;EXCEL CAT 20 KG TI;EXCEL CAT 20 KG TUNA IKAN;;;;;2;SAK;423.500;0;847.000;
2;BOLT CAT MOTHER&KITTEN 20KG TUNA;BOLT CAT MOTHER&KITTEN 20KG TUNA;;;;;1;SAK;471.500;0;471.500;
3;BOLT CAT TUNA 20KG DONAT FRESHPACK;BOLT CAT TUNA 20KG DONAT FRESHPACK;;;;;1;SAK;415.000;0;415.000;
4;MISTER PUSS TUNA 20KG;MISTER PUSS TUNA 20KG;;;;;1;SAK;383.000;0;383.000;
5;MISTER PUSS SALMON 20KG;MISTER PUSS SALMON 20KG;;;;;1;SAK;383.000;0;383.000;
6;LIFE CAT 20 KG;LIFE CAT 20 KG;;;;;1;SAK;517.500;0;517.500;
7;CHESTER 20 KG FP - TUNA;CHESTER 20 KG FP - TUNA;;;;;1;SAK;379.000;0;379.000;
8;CAT CHOIZE KITTEN TUNA 20KG;CAT CHOIZE KITTEN TUNA 20KG;;;;;2;SAK;471.000;0;942.000;
9;CAT CHOIZE KITTEN SALMON 20KG;CAT CHOIZE KITTEN SALMON 20KG;;;;;2;SAK;471.000;0;942.000;
10;CAT CHOIZE MOTHER & KITTEN 20KG;CAT CHOIZE MOTHER & KITTEN 20KG;;;;;1;SAK;472.000;0;472.000;
11;MARKOTOPS CAT LITTER 25 L;PASIR MARKOTOPS 25 L;;;;;4;PCS;106.500;0;426.000;
12;MARKOTOPS CAT LITTER 10 LTR;PASIR MARKOTOPS 10 L (ISI 3);;;;;6;PCS;52.500;0;315.000;
;;;;;; ;;;;;;
;;;;;;;23;;;;6.493.000;
Pot. :;0;;Pajak :;0;;Biaya :;0;;Total Akhir :;6.493.000;;
 ;;;;;;;;;;;;
JL-0011859-26;;10/07/2026;;;PL3947;APRIYANTI TRIARINI;;;JL. MAWAR RAYA NO. 33 RT 12/10 GG. H. KUMING KALISARI 3 JAKARTA TIMUR ;;;
No.;Kd. Item;Nama Item;;;;;Jml;Satuan;Harga;Pot. %;Total;
1;TOP CAT LITTER 25 L;TOP CAT LITTER 25 L;;;;;4;PCS;105.000;0;420.000;
;;;;;; ;;;;;;
;;;;;;;4;;;;420.000;
Pot. :;0;;Pajak :;0;;Biaya :;0;;Total Akhir :;420.000;;
 ;;;;;;;;;;;;
JL-0011880-26;;11/07/2026;;;PL6857;BERKAH SETU MANDIRI;;;KP. SETU, TELAJUNG, CIKARANG BARAT, KAB. BEKASI BEKASI JAWA BARAT;;;
No.;Kd. Item;Nama Item;;;;;Jml;Satuan;Harga;Pot. %;Total;
1;LEZATO TUNA 20KG;LEZATO TUNA 20KG;;;;;40;SAK;393.500;0;15.740.000;
2;MAXI CAT CHICKEN & TUNA 20KG;MAXI CAT FOOD CHICKEN TUNA 20KG;;;;;40;SAK;536.000;0;21.440.000;
3;MAXI CAT SAND 30 L;PASIR MAXI 30 L;;;;;40;SAK;157.000;0;6.280.000;
;;;;;; ;;;;;;
;;;;;;;120;;;;43.460.000;
Pot. :;0;;Pajak :;0;;Biaya :;0;;Total Akhir :;43.460.000;;
 ;;;;;;;;;;;;
JL-0011885-26;;11/07/2026;;;PL1751;SETIAWAN;;;JL. LANGGAR H. MAUN NO. 65 B RT 003/006 TANJUNG BARAT JAGAKARSA JAKARTA SELATAN DKI JAKARTA;;;
No.;Kd. Item;Nama Item;;;;;Jml;Satuan;Harga;Pot. %;Total;
1;MEO 7 KG - TUNA;MEO 7 KG - TUNA;;;;;1;SAK;251.000;0;251.000;
2;BOLT CAT TUNA 20KG DONAT FRESHPACK;BOLT CAT TUNA 20KG DONAT FRESHPACK;;;;;1;SAK;413.000;0;413.000;
3;BOLT CAT MOTHER&KITTEN 20KG TUNA;BOLT CAT MOTHER&KITTEN 20KG TUNA;;;;;1;SAK;469.500;0;469.500;
4;BOLT CAT SALMON 20KG FRESHPACK BULAT;BOLT CAT SALMON 20KG FRESHPACK BULAT;;;;;4;SAK;413.000;0;1.652.000;
5;BOLT CAT TUNA 20KG IKAN FRESHPACK;BOLT CAT TUNA 20KG IKAN FRESHPACK;;;;;8;SAK;413.000;0;3.304.000;
6;MISTER PUSS SALMON 20KG;MISTER PUSS SALMON 20KG;;;;;5;SAK;380.000;0;1.900.000;
7;MISTER PUSS TUNA 20KG;MISTER PUSS TUNA 20KG;;;;;2;SAK;380.000;0;760.000;
8;EXCEL CAT 20 KG TI;EXCEL CAT 20 KG TUNA IKAN;;;;;2;SAK;418.500;0;837.000;
9;EXCEL CAT 20 KG C&T S;EXCEL CAT 20 KG CHICK&TUNA SEGITIGA;;;;;1;SAK;418.500;0;418.500;
10;FELIBITE 500 GR I (SAK);FELIBITE 500 GR IKAN (SAK);;;;;1;SAK;440.500;0;440.500;
11;BEAUTY CAT 20KG - CHICKEN & SALMON;BEAUTY CAT 20KG - CHICKEN & SALMON;;;;;1;SAK;520.500;0;520.500;
12;CAT CHOIZE TUNA 20KG;CAT CHOIZE TUNA 20KG;;;;;3;SAK;417.000;0;1.251.000;
13;CAT CHOIZE SALMON 20KG;CAT CHOIZE SALMON 20KG;;;;;3;SAK;417.000;0;1.251.000;
14;CAT CHOIZE KITTEN TUNA 20KG;CAT CHOIZE KITTEN TUNA 20KG;;;;;1;SAK;469.000;0;469.000;
15;CHESTER 20 KG FP - TUNA;CHESTER 20 KG FP - TUNA;;;;;2;SAK;377.000;0;754.000;
16;ORI CAT 20 KG - SALMON FP KIBBLE IKAN (SAK);ORI CAT 20 KG - SALMON FP KIBBLE IKAN (SAK);;;;;1;SAK;426.000;0;426.000;
17;TARO CAT LITTER 5 LT;TARO CAT LITTER 5 LT (ISI 6);;;;;30;PCS;23.000;0;690.000;
18;TARO CAT LITTER 10 L;TARO CAT LITTER 10 L (ISI 3);;;;;15;PCS;43.500;0;652.500;
19;TOP CAT LITTER 25 L;TOP CAT LITTER 25 L;;;;;10;PCS;103.000;0;1.030.000;
;;;;;; ;;;;;;
;;;;;;;92;;;;17.489.500;
Pot. :;0;;Pajak :;0;;Biaya :;0;;Total Akhir :;17.489.500;;
 ;;;;;;;;;;;;
JL-0011908-26;;11/07/2026;;;PL0139;NAZAR - CIBUBUR;;;JL. PEDURENAN DEPOK RT 02/02 CISALAK PASAR CIMANGGIS DEPOK JAWA BARAT;;;
No.;Kd. Item;Nama Item;;;;;Jml;Satuan;Harga;Pot. %;Total;
1;CAT CHOIZE TUNA 20KG;CAT CHOIZE TUNA 20KG;;;;;4;SAK;417.000;0;1.668.000;
2;CAT CHOIZE SALMON 20KG;CAT CHOIZE SALMON 20KG;;;;;2;SAK;417.000;0;834.000;
3;BOLT CAT TUNA 20KG IKAN FRESHPACK;BOLT CAT TUNA 20KG IKAN FRESHPACK;;;;;5;SAK;413.000;0;2.065.000;
4;LEZATO TUNA 20KG;LEZATO TUNA 20KG;;;;;1;SAK;396.000;0;396.000;
5;EXCEL CAT 20 KG TI;EXCEL CAT 20 KG TUNA IKAN;;;;;1;SAK;418.500;0;418.500;
6;CAT CHOIZE KITTEN SALMON 20KG;CAT CHOIZE KITTEN SALMON 20KG;;;;;2;SAK;469.000;0;938.000;
7;CAT CHOIZE KITTEN TUNA 20KG;CAT CHOIZE KITTEN TUNA 20KG;;;;;3;SAK;469.000;0;1.407.000;
8;ORI CAT 20 KG - ADULT CHICKEN & TUNA FP (SAK);ORI CAT 20 KG - ADULT CHICKEN & TUNA FP (SAK);;;;;1;SAK;426.000;0;426.000;
9;BEAUTY CAT 20KG - CHICKEN & SALMON;BEAUTY CAT 20KG - CHICKEN & SALMON;;;;;1;SAK;520.500;0;520.500;
10;LIFE CAT 20 KG;LIFE CAT 20 KG;;;;;1;SAK;515.500;0;515.500;
11;BOLT CAT SALMON 20KG FRESHPACK BULAT;BOLT CAT SALMON 20KG FRESHPACK BULAT;;;;;1;SAK;413.000;0;413.000;
12;MEO 7 KG - TUNA;MEO 7 KG - TUNA;;;;;1;SAK;251.000;0;251.000;
13;MPKM10K;MISTER PUSS KITTEN MAMA 10KG;;;;;1;SAK;218.000;0;218.000;
;;;;;; ;;;;;;
;;;;;;;24;;;;10.070.500;
Pot. :;0;;Pajak :;0;;Biaya :;0;;Total Akhir :;10.070.500;;
 ;;;;;;;;;;;;
JL-0011917-26;;11/07/2026;;;PL1368;SUCI MILAWATI;;;KP BAHARI V/7 RT. 001 RW. 010 KEL. TANJUNG PRIOK KEC. TANJUNG PRIOK JAKARTA UTARA DKI JAKARTA;;;
No.;Kd. Item;Nama Item;;;;;Jml;Satuan;Harga;Pot. %;Total;
1;BOLT CAT TUNA 20KG IKAN FRESHPACK;BOLT CAT TUNA 20KG IKAN FRESHPACK;;;;;2;SAK;415.000;0;830.000;
2;BOLT CAT SALMON 20KG FRESHPACK BULAT;BOLT CAT SALMON 20KG FRESHPACK BULAT;;;;;1;SAK;415.000;0;415.000;
3;BOLT CAT MOTHER&KITTEN 20KG SALMON;BOLT CAT MOTHER&KITTEN 20KG SALMON;;;;;1;SAK;471.500;0;471.500;
4;BOLT CAT MOTHER&KITTEN 20KG TUNA;BOLT CAT MOTHER&KITTEN 20KG TUNA;;;;;1;SAK;471.500;0;471.500;
5;CAT CHOIZE TUNA 20KG;CAT CHOIZE TUNA 20KG;;;;;1;SAK;419.000;0;419.000;
6;CAT CHOIZE SALMON 20KG;CAT CHOIZE SALMON 20KG;;;;;1;SAK;419.000;0;419.000;
7;CAT CHOIZE KITTEN SALMON 20KG;CAT CHOIZE KITTEN SALMON 20KG;;;;;1;SAK;471.000;0;471.000;
8;CAT CHOIZE KITTEN TUNA 20KG;CAT CHOIZE KITTEN TUNA 20KG;;;;;1;SAK;471.000;0;471.000;
9;EXCEL CAT 20 KG C&T S;EXCEL CAT 20 KG CHICK&TUNA SEGITIGA;;;;;1;SAK;423.500;0;423.500;
10;EXCEL CAT 20 KG SALMON;EXCEL CAT 20 KG SALMON KOIN;;;;;1;SAK;423.500;0;423.500;
11;EXCEL CAT 20 KG M&K;EXCEL CAT 20 KG MOTHER & KITTEN;;;;;1;SAK;470.000;0;470.000;
12;DOG CHOIZE LAMB 20KG;DOG CHOIZE LAMB 20KG;;;;;1;SAK;345.000;0;345.000;
;;;;;; ;;;;;;
;;;;;;;13;;;;5.630.000;
Pot. :;0;;Pajak :;0;;Biaya :;0;;Total Akhir :;5.630.000;;
 ;;;;;;;;;;;;
JL-0011921-26;;11/07/2026;;;PL4272;JOHAN (TOKO MAJU BERSAMA) - RIAUKEP;;;JL. NUSANTARA KM.19 RT 001/004 KIJANG, KEL. SUNGAI LEKOP, RIAUKEP  ;;;
No.;Kd. Item;Nama Item;;;;;Jml;Satuan;Harga;Pot. %;Total;
1;FELIBITE 500 GR TOT (SAK);FELIBITE 500 GR TUNA O TORO (SAK);;;;;5;SAK;440.500;0;2.202.500;
2;CHESTER 20 KG FP - TUNA;CHESTER 20 KG FP - TUNA;;;;;5;SAK;377.000;0;1.885.000;
3;MISTER PUSS TUNA 20KG;MISTER PUSS TUNA 20KG;;;;;5;SAK;380.000;0;1.900.000;
4;BOLT DOG 20KG BEEF - FRESHPACK;BOLT DOG 20KG BEEF - FRESHPACK;;;;;3;SAK;333.000;0;999.000;
5;MPKM10K;MISTER PUSS KITTEN MAMA 10KG;;;;;10;SAK;218.000;0;2.180.000;
;;;;;; ;;;;;;
;;;;;;;28;;;;9.166.500;
Pot. :;0;;Pajak :;0;;Biaya :;0;;Total Akhir :;9.166.500;;
 ;;;;;;;;;;;;
JL-0011955-26;;13/07/2026;;;PL7083;ELSY PURWITASARI;;;SMA 58 CIRACAS NO.10 (DEKET KELURAHAN CICARAS SAMPING INDOMARET)  ;;;
No.;Kd. Item;Nama Item;;;;;Jml;Satuan;Harga;Pot. %;Total;
1;CAT CHOIZE KITTEN TUNA 20KG;CAT CHOIZE KITTEN TUNA 20KG;;;;;1;SAK;471.000;0;471.000;
2;BOLT CAT TUNA 20KG IKAN FRESHPACK;BOLT CAT TUNA 20KG IKAN FRESHPACK;;;;;1;SAK;415.000;0;415.000;
3;MISTER PUSS SALMON 20KG;MISTER PUSS SALMON 20KG;;;;;1;SAK;398.000;0;398.000;
4;EXCEL CAT 20 KG TI;EXCEL CAT 20 KG TUNA IKAN;;;;;1;SAK;423.500;0;423.500;
;;;;;; ;;;;;;
;;;;;;;4;;;;1.707.500;
Pot. :;0;;Pajak :;0;;Biaya :;0;;Total Akhir :;1.707.500;;
 ;;;;;;;;;;;;
JL-0011959-26;;13/07/2026;;;PL7732;RICO RIZQI ZHELFIAN;;;JL. SWADAYA I/17 B RT.005/009 KEL. PEJATEN TIMUR KEC. PASAR MINGGU JAKARTA SELATAN DKI JAKARTA;;;
No.;Kd. Item;Nama Item;;;;;Jml;Satuan;Harga;Pot. %;Total;
1;BOLT CAT MOTHER&KITTEN 20KG SALMON;BOLT CAT MOTHER&KITTEN 20KG SALMON;;;;;1;SAK;471.500;0;471.500;
2;BOLT CAT MOTHER&KITTEN 20KG TUNA;BOLT CAT MOTHER&KITTEN 20KG TUNA;;;;;1;SAK;471.500;0;471.500;
3;BOLT CAT TUNA 20KG IKAN FRESHPACK;BOLT CAT TUNA 20KG IKAN FRESHPACK;;;;;1;SAK;415.000;0;415.000;
4;CAT CHOIZE KITTEN SALMON 20KG;CAT CHOIZE KITTEN SALMON 20KG;;;;;1;SAK;471.000;0;471.000;
5;CAT CHOIZE KITTEN TUNA 20KG;CAT CHOIZE KITTEN TUNA 20KG;;;;;1;SAK;471.000;0;471.000;
6;CAT CHOIZE TUNA 20KG;CAT CHOIZE TUNA 20KG;;;;;1;SAK;419.000;0;419.000;
7;CAT CHOIZE SALMON 20KG;CAT CHOIZE SALMON 20KG;;;;;1;SAK;419.000;0;419.000;
8;EXCEL CAT 20 KG C&T S;EXCEL CAT 20 KG CHICK&TUNA SEGITIGA;;;;;1;SAK;423.500;0;423.500;
9;EXCEL CAT 20 KG M&K;EXCEL CAT 20 KG MOTHER & KITTEN;;;;;1;SAK;470.000;0;470.000;
10;EXCEL CAT 20 KG SALMON;EXCEL CAT 20 KG SALMON KOIN;;;;;1;SAK;423.500;0;423.500;
11;EXCEL CAT 20 KG TI;EXCEL CAT 20 KG TUNA IKAN;;;;;1;SAK;423.500;0;423.500;
12;LIFE CAT 20 KG;LIFE CAT 20 KG;;;;;1;SAK;517.500;0;517.500;
13;MEO 7 KG - PERSIAN;MEO 6.8 KG - PERSIAN;;;;;1;SAK;297.000;0;297.000;
14;MEO 7 KG - KITTEN OCEAN FISH;MEO 7 KG - KITTEN OCEAN FISH;;;;;1;SAK;297.000;0;297.000;
15;MEO 7 KG - TUNA;MEO 7 KG - TUNA;;;;;1;SAK;253.000;0;253.000;
16;TARO CAT LITTER 10 L;TARO CAT LITTER 10 L (ISI 3);;;;;3;PCS;45.500;0;136.500;
17;TOP CAT LITTER 10 L;TOP CAT LITTER 10 L (ISI 3);;;;;3;PCS;49.000;0;147.000;
18;MARKOTOPS CAT LITTER 5.5 L;PASIR MARKOTOPS 5.5 L (ISI 5);;;;;5;PCS;30.000;0;150.000;
;;;;;; ;;;;;;
;;;;;;;26;;;;6.676.500;
Pot. :;0;;Pajak :;0;;Biaya :;0;;Total Akhir :;6.676.500;;
 ;;;;;;;;;;;;
JL-0011968-26;;13/07/2026;;;PL4677;AHMED FAOUZI;;;JL MUJAHIDIN RT.011/002 RAMBUTAN CIRACAS( SAMPING SEKOLAHAN SMK WIJAYA KUSUMA )  ;;;
No.;Kd. Item;Nama Item;;;;;Jml;Satuan;Harga;Pot. %;Total;
1;BOLT CAT TUNA 20KG IKAN FRESHPACK;BOLT CAT TUNA 20KG IKAN FRESHPACK;;;;;3;SAK;415.000;0;1.245.000;
2;CAT CHOIZE TUNA 20KG;CAT CHOIZE TUNA 20KG;;;;;1;SAK;419.000;0;419.000;
3;CAT CHOIZE KITTEN TUNA 20KG;CAT CHOIZE KITTEN TUNA 20KG;;;;;1;SAK;471.000;0;471.000;
4;CAT CHOIZE SALMON 20KG;CAT CHOIZE SALMON 20KG;;;;;1;SAK;419.000;0;419.000;
5;BEAUTY CAT 20KG - CHICKEN & SALMON;BEAUTY CAT 20KG - CHICKEN & SALMON;;;;;1;SAK;523.000;0;523.000;
6;CHESTER 20 KG FP - TUNA;CHESTER 20 KG FP - TUNA;;;;;1;SAK;379.000;0;379.000;
7;PASIR MIGOO 10 L (ISI 3);PASIR MIGOO 10 L (ISI 3);;;;;3;PCS;41.000;0;123.000;
8;PASIR MIGOO 5 L (ISI 6);PASIR MIGOO 5 L (ISI 6);;;;;6;PCS;22.000;0;132.000;
9;TARO CAT LITTER 25 L;TARO CAT LITTER 25 L;;;;;3;PCS;92.000;0;276.000;
;;;;;; ;;;;;;
;;;;;;;20;;;;3.987.000;
Pot. :;0;;Pajak :;0;;Biaya :;0;;Total Akhir :;3.987.000;;
 ;;;;;;;;;;;;
JL-0011971-26;;13/07/2026;;;PL0002;TEGUH PS;;;GUNUNG PUTRI  ;;;
No.;Kd. Item;Nama Item;;;;;Jml;Satuan;Harga;Pot. %;Total;
1;BOLT CAT MOTHER&KITTEN 20KG TUNA;BOLT CAT MOTHER&KITTEN 20KG TUNA;;;;;5;SAK;466.500;0;2.332.500;
2;MPKM10K;MISTER PUSS KITTEN MAMA 10KG;;;;;5;SAK;215.000;0;1.075.000;
3;MISTER PUSS TUNA 20KG;MISTER PUSS TUNA 20KG;;;;;5;SAK;378.000;0;1.890.000;
4;EXCEL CAT 20 KG TI;EXCEL CAT 20 KG TUNA IKAN;;;;;20;SAK;418.500;0;8.370.000;
5;EXCEL CAT 20 KG M&K;EXCEL CAT 20 KG MOTHER & KITTEN;;;;;5;SAK;465.000;0;2.325.000;
6;BOLT CAT SALMON 20KG FRESHPACK BULAT;BOLT CAT SALMON 20KG FRESHPACK BULAT;;;;;5;SAK;410.500;0;2.052.500;
7;CAT CHOIZE SALMON 20KG;CAT CHOIZE SALMON 20KG;;;;;5;SAK;417.000;0;2.085.000;
8;LEZATO TUNA 20KG;LEZATO TUNA 20KG;;;;;5;SAK;396.000;0;1.980.000;
9;CAT CHOIZE MOTHER & KITTEN 20KG;CAT CHOIZE MOTHER & KITTEN 20KG;;;;;3;SAK;470.000;0;1.410.000;
10;BOLT CAT TUNA 20KG IKAN FRESHPACK;BOLT CAT TUNA 20KG IKAN FRESHPACK;;;;;10;SAK;410.500;0;4.105.000;
;;;;;; ;;;;;;
;;;;;;;68;;;;27.625.000;
Pot. :;0;;Pajak :;0;;Biaya :;0;;Total Akhir :;27.625.000;;
 ;;;;;;;;;;;;
JL-0011974-26;;13/07/2026;;;PL4676;ARIYANTO - JL. BELLY;;;JL.BELLY KP.ASEM RT.011/009 KEL.CIJANTUNG KEC. PS.REBO  ;;;
No.;Kd. Item;Nama Item;;;;;Jml;Satuan;Harga;Pot. %;Total;
1;TOP CAT LITTER 5 L;TOP CAT LITTER 5 L (ISI 6);;;;;24;PCS;27.500;0;660.000;
2;TOP CAT LITTER 25 L;TOP CAT LITTER 25 L;;;;;4;PCS;105.000;0;420.000;
;;;;;; ;;;;;;
;;;;;;;28;;;;1.080.000;
Pot. :;0;;Pajak :;0;;Biaya :;0;;Total Akhir :;1.080.000;;
 ;;;;;;;;;;;;
JL-0011998-26;;13/07/2026;;;PL2606;RAHMANI;;;JL RAYA KEMANG JAK - SEL ;;;
No.;Kd. Item;Nama Item;;;;;Jml;Satuan;Harga;Pot. %;Total;
1;TARO CAT LITTER 5 LT;TARO CAT LITTER 5 LT (ISI 6);;;;;12;PCS;25.000;0;300.000;
;;;;;; ;;;;;;
;;;;;;;12;;;;300.000;
Pot. :;0;;Pajak :;0;;Biaya :;0;;Total Akhir :;300.000;;
 ;;;;;;;;;;;;
JL-0012013-26;;13/07/2026;;;PL6167;JHONY GURNING;;;BUMI SENTOSA BLOK B-12 NO.1 RT 004/009 NAGGEWER MEKAR CIBINONG BOGOR JAWA BARAT;;;
No.;Kd. Item;Nama Item;;;;;Jml;Satuan;Harga;Pot. %;Total;
1;PASIR BOSSCAT 25 L;PASIR BOSS CAT 25 L;;;;;1;PCS;90.000;0;90.000;
;;;;;; ;;;;;;
;;;;;;;1;;;;90.000;
Pot. :;0;;Pajak :;0;;Biaya :;0;;Total Akhir :;90.000;;
 ;;;;;;;;;;;;
JL-0012029-26;;14/07/2026;;;PL6781;KRISNOYYA ABADI;;;MULYOREJO MEGA ASRI 110 SBY KOTA SURABAYA JAWA TIMUR;;;
No.;Kd. Item;Nama Item;;;;;Jml;Satuan;Harga;Pot. %;Total;
1;CAT CHOIZE SALMON 20KG;CAT CHOIZE SALMON 20KG;;;;;1;SAK;419.000;0;419.000;
;;;;;; ;;;;;;
;;;;;;;1;;;;419.000;
Pot. :;0;;Pajak :;0;;Biaya :;0;;Total Akhir :;419.000;;
 ;;;;;;;;;;;;
JL-0012037-26;;14/07/2026;;;PL6026;RIYANTO - MAMPANG;;;GG. JATI MAMPANG PRAPATAN NO.22 RT 008/001 KEL. MAMPANG PRAPATAN, KEC. MAMPANG PRAPATAN  ;;;
No.;Kd. Item;Nama Item;;;;;Jml;Satuan;Harga;Pot. %;Total;
1;CAT CHOIZE KITTEN TUNA 20KG;CAT CHOIZE KITTEN TUNA 20KG;;;;;2;SAK;471.000;0;942.000;
2;CAT CHOIZE KITTEN SALMON 20KG;CAT CHOIZE KITTEN SALMON 20KG;;;;;2;SAK;471.000;0;942.000;
3;CAT CHOIZE TUNA 20KG;CAT CHOIZE TUNA 20KG;;;;;1;SAK;419.000;0;419.000;
4;CAT CHOIZE SALMON 20KG;CAT CHOIZE SALMON 20KG;;;;;1;SAK;419.000;0;419.000;
5;BOLT CAT TUNA 20KG IKAN FRESHPACK;BOLT CAT TUNA 20KG IKAN FRESHPACK;;;;;2;SAK;415.000;0;830.000;
6;BOLT CAT SALMON 20KG FRESHPACK BULAT;BOLT CAT SALMON 20KG FRESHPACK BULAT;;;;;1;SAK;415.000;0;415.000;
7;BOLT CAT MOTHER&KITTEN 20KG TUNA;BOLT CAT MOTHER&KITTEN 20KG TUNA;;;;;1;SAK;471.500;0;471.500;
8;BOLT CAT MOTHER&KITTEN 20KG SALMON;BOLT CAT MOTHER&KITTEN 20KG SALMON;;;;;1;SAK;471.500;0;471.500;
9;BOLT CAT TUNA 20KG DONAT FRESHPACK;BOLT CAT TUNA 20KG DONAT FRESHPACK;;;;;1;SAK;415.000;0;415.000;
10;EXCEL CAT 20 KG TI;EXCEL CAT 20 KG TUNA IKAN;;;;;2;SAK;423.500;0;847.000;
11;EXCEL CAT 20 KG C&T S;EXCEL CAT 20 KG CHICK&TUNA SEGITIGA;;;;;1;SAK;423.500;0;423.500;
12;EXCEL CAT 20 KG M&K;EXCEL CAT 20 KG MOTHER & KITTEN;;;;;1;SAK;470.000;0;470.000;
13;EXCEL CAT 20 KG TD;EXCEL CAT 20 KG TUNA DONAT;;;;;1;SAK;423.500;0;423.500;
14;CHESTER 20 KG FP - TUNA;CHESTER 20 KG FP - TUNA;;;;;2;SAK;379.000;0;758.000;
15;HAPPY TUMMY CAT C&T 20 KG;HAPPY TUMMY CAT C&T 20 KG;;;;;1;SAK;385.500;0;385.500;
16;FELIBITE 500 GR D (SAK);FELIBITE 500 GR DONAT (SAK);;;;;1;SAK;443.000;0;443.000;
17;FELIBITE 500 GR I (SAK);FELIBITE 500 GR IKAN (SAK);;;;;1;SAK;443.000;0;443.000;
18;FELIBITE 500 GR SM (SAK);FELIBITE 500 GR SALMON MENTAI (SAK);;;;;1;SAK;443.000;0;443.000;
19;FELIBITE 500 GR TOT (SAK);FELIBITE 500 GR TUNA O TORO (SAK);;;;;1;SAK;443.000;0;443.000;
20;FELIBITE M&K 20 KG;FELIBITE MOTHER KITTEN 20 KG;;;;;1;SAK;498.500;0;498.500;
21;MISTER PUSS SALMON 20KG;MISTER PUSS SALMON 20KG;;;;;2;SAK;398.000;0;796.000;
22;MISTER PUSS TUNA 20KG;MISTER PUSS TUNA 20KG;;;;;2;SAK;398.000;0;796.000;
23;MPKM10K;MISTER PUSS KITTEN MAMA 10KG;;;;;2;SAK;228.500;0;457.000;
24;MARKOTOPS CAT LITTER 5.5 L;PASIR MARKOTOPS 5.5 L (ISI 5);;;;;10;PCS;30.000;0;300.000;
25;TOP CAT LITTER 5 L;TOP CAT LITTER 5 L (ISI 6);;;;;12;PCS;27.500;0;330.000;
26;LEZATO TUNA 20KG;LEZATO TUNA 20KG;;;;;1;SAK;398.000;0;398.000;
27;LEZATO KITTEN TUNA 20KG;LEZATO KITTEN TUNA 20KG;;;;;1;SAK;426.500;0;426.500;
;;;;;; ;;;;;;
;;;;;;;55;;;;14.406.500;
Pot. :;0;;Pajak :;0;;Biaya :;0;;Total Akhir :;14.406.500;;
 ;;;;;;;;;;;;
JL-0012060-26;;14/07/2026;;;PL0003;H. BAMBANG IRAWAN, S. PT;;;DEPOK DEPOK JAWA BARAT;;;
No.;Kd. Item;Nama Item;;;;;Jml;Satuan;Harga;Pot. %;Total;
1;EXCEL CAT 20 KG TI;EXCEL CAT 20 KG TUNA IKAN;;;;;6;SAK;418.500;0;2.511.000;
2;EXCEL CAT 20 KG M&K;EXCEL CAT 20 KG MOTHER & KITTEN;;;;;4;SAK;465.000;0;1.860.000;
;;;;;; ;;;;;;
;;;;;;;10;;;;4.371.000;
Pot. :;0;;Pajak :;0;;Biaya :;0;;Total Akhir :;4.371.000;;
 ;;;;;;;;;;;;
JL-0012075-26;;15/07/2026;;;PL3947;APRIYANTI TRIARINI;;;JL. MAWAR RAYA NO. 33 RT 12/10 GG. H. KUMING KALISARI 3 JAKARTA TIMUR ;;;
No.;Kd. Item;Nama Item;;;;;Jml;Satuan;Harga;Pot. %;Total;
1;BOLT DOG 20KG LAMB - FRESHPACK;BOLT DOG 20KG LAMB - FRESHPACK;;;;;5;SAK;335.000;0;1.675.000;
2;MEO 7 KG - TUNA;MEO 7 KG - TUNA;;;;;1;SAK;253.000;0;253.000;
3;MEO 7 KG - SALMON;MEO 7 KG - SALMON;;;;;2;SAK;253.000;0;506.000;
;;;;;; ;;;;;;
;;;;;;;8;;;;2.434.000;
Pot. :;0;;Pajak :;0;;Biaya :;0;;Total Akhir :;2.434.000;;
 ;;;;;;;;;;;;
JL-0012076-26;;15/07/2026;;;PL5406;RUMAH KUCING (TOKO 3) - CISADAS;;;JL.RAYA MERCEDES BENS RT.004/04 CISADAS GN.PUTRI  ;;;
No.;Kd. Item;Nama Item;;;;;Jml;Satuan;Harga;Pot. %;Total;
1;MARKOTOPS CAT LITTER 25 L;PASIR MARKOTOPS 25 L;;;;;10;PCS;106.500;0;1.065.000;
2;BOLT CAT TUNA 20KG IKAN FRESHPACK;BOLT CAT TUNA 20KG IKAN FRESHPACK;;;;;2;SAK;415.000;0;830.000;
3;BOLT CAT MOTHER&KITTEN 20KG SALMON;BOLT CAT MOTHER&KITTEN 20KG SALMON;;;;;1;SAK;471.500;0;471.500;
4;BOLT CAT MOTHER&KITTEN 20KG TUNA;BOLT CAT MOTHER&KITTEN 20KG TUNA;;;;;1;SAK;471.500;0;471.500;
;;;;;; ;;;;;;
;;;;;;;14;;;;2.838.000;
Pot. :;0;;Pajak :;0;;Biaya :;0;;Total Akhir :;2.838.000;;
 ;;;;;;;;;;;;
JL-0012077-26;;15/07/2026;;;PL4611;MEIKE PITOKO;;;RUKO CIKEAS COUNTRY BLOK A11, JL. RAYA BOJONG NANGKA, GUNUNG PUTRI  ;;;
No.;Kd. Item;Nama Item;;;;;Jml;Satuan;Harga;Pot. %;Total;
1;BEAUTY CAT 20KG - CHICKEN & SALMON;BEAUTY CAT 20KG - CHICKEN & SALMON;;;;;5;SAK;523.000;0;2.615.000;
2;LIFE CAT 20 KG;LIFE CAT 20 KG;;;;;5;SAK;517.500;0;2.587.500;
3;MEO 7 KG - KITTEN OCEAN FISH;MEO 7 KG - KITTEN OCEAN FISH;;;;;5;SAK;297.000;0;1.485.000;
4;MEO 7 KG - SALMON;MEO 7 KG - SALMON;;;;;5;SAK;253.000;0;1.265.000;
5;MEO 7 KG - TUNA;MEO 7 KG - TUNA;;;;;5;SAK;253.000;0;1.265.000;
6;MEO 7 KG - PERSIAN;MEO 6.8 KG - PERSIAN;;;;;5;SAK;297.000;0;1.485.000;
7;MARKOTOPS CAT LITTER 25 L;PASIR MARKOTOPS 25 L;;;;;10;PCS;106.500;0;1.065.000;
8;BOLT CAT SALMON 20KG FRESHPACK BULAT;BOLT CAT SALMON 20KG FRESHPACK BULAT;;;;;1;SAK;415.000;0;415.000;
9;BOLT CAT TUNA 20KG IKAN FRESHPACK;BOLT CAT TUNA 20KG IKAN FRESHPACK;;;;;1;SAK;415.000;0;415.000;
;;;;;; ;;;;;;
;;;;;;;42;;;;12.597.500;
Pot. :;0;;Pajak :;0;;Biaya :;0;;Total Akhir :;12.597.500;;
 ;;;;;;;;;;;;
JL-0012079-26;;15/07/2026;;;PL5251;RUMAH KUCING (TOKO 2) - GN.PUTRI;;;RUKO GRIYA BUKIT JAYA, BLOK L3 NO.7 TLAJUNG UDIK, GN.PUTRI  ;;;
No.;Kd. Item;Nama Item;;;;;Jml;Satuan;Harga;Pot. %;Total;
1;MARKOTOPS CAT LITTER 10 LTR;PASIR MARKOTOPS 10 L (ISI 3);;;;;30;PCS;52.500;0;1.575.000;
2;MARKOTOPS CAT LITTER 25 L;PASIR MARKOTOPS 25 L;;;;;40;PCS;106.500;0;4.260.000;
3;CAT CHOIZE SALMON 20KG;CAT CHOIZE SALMON 20KG;;;;;1;SAK;419.000;0;419.000;
4;CAT CHOIZE KITTEN TUNA 20KG;CAT CHOIZE KITTEN TUNA 20KG;;;;;1;SAK;471.000;0;471.000;
5;MARKOTOPS CAT LITTER 5.5 L;PASIR MARKOTOPS 5.5 L (ISI 5);;;;;50;PCS;30.000;0;1.500.000;
6;BOLT CAT TUNA 20KG IKAN FRESHPACK;BOLT CAT TUNA 20KG IKAN FRESHPACK;;;;;2;SAK;415.000;0;830.000;
7;BOLT CAT SALMON 20KG FRESHPACK BULAT;BOLT CAT SALMON 20KG FRESHPACK BULAT;;;;;1;SAK;415.000;0;415.000;
8;BOLT CAT TUNA 20KG DONAT FRESHPACK;BOLT CAT TUNA 20KG DONAT FRESHPACK;;;;;1;SAK;415.000;0;415.000;
;;;;;; ;;;;;;
;;;;;;;126;;;;9.885.000;
Pot. :;0;;Pajak :;0;;Biaya :;0;;Total Akhir :;9.885.000;;
 ;;;;;;;;;;;;
JL-0012089-26;;15/07/2026;;;PL5230;MIRNA FERIAN;;;JL KEBON BAWANG IX NO. 27 RT 016/001 KEBON BAWANG TANJUNG PRIOK JAKUT DKI JAKARTA;;;
No.;Kd. Item;Nama Item;;;;;Jml;Satuan;Harga;Pot. %;Total;
1;CUTIES CATZ 20KG FRESH PACK;CUTIES CATZ 20KG FRESH PACK;;;;;1;SAK;446.000;0;446.000;
;;;;;; ;;;;;;
;;;;;;;1;;;;446.000;
Pot. :;0;;Pajak :;0;;Biaya :;0;;Total Akhir :;446.000;;
 ;;;;;;;;;;;;
JL-0012099-26;;15/07/2026;;;PL0297;HANSEN - GAS ALAM;;;GAS ALAM DEPOK JAWA BARAT;;;
No.;Kd. Item;Nama Item;;;;;Jml;Satuan;Harga;Pot. %;Total;
1;MARKOTOPS CAT LITTER 25 L;PASIR MARKOTOPS 25 L;;;;;2;PCS;106.500;0;213.000;
;;;;;; ;;;;;;
;;;;;;;2;;;;213.000;
Pot. :;0;;Pajak :;0;;Biaya :;0;;Total Akhir :;213.000;;
 ;;;;;;;;;;;;
JL-0012122-26;;16/07/2026;;;PL1759;HADY (LEOPARD) - PS. MINGGU;;;JL. RAYA RAGUNAN KOMP. KEJAKSAAN AGUNG BLOK C NO.2 RT/RW 03/03 PASAR MINGGU  ;;;
No.;Kd. Item;Nama Item;;;;;Jml;Satuan;Harga;Pot. %;Total;
1;PASIR SPS (ALL VARIANT);PASIR ZEOLITE;;;;;15;SAK;20.000;0;300.000;
2;BOLT CAT TUNA 20KG IKAN FRESHPACK;BOLT CAT TUNA 20KG IKAN FRESHPACK;;;;;2;SAK;413.000;0;826.000;
3;BOLT CAT TUNA 20KG DONAT FRESHPACK;BOLT CAT TUNA 20KG DONAT FRESHPACK;;;;;1;SAK;413.000;0;413.000;
4;CAT CHOIZE SALMON 20KG;CAT CHOIZE SALMON 20KG;;;;;1;SAK;417.000;0;417.000;
5;CAT CHOIZE TUNA 20KG;CAT CHOIZE TUNA 20KG;;;;;1;SAK;417.000;0;417.000;
6;CAT CHOIZE KITTEN TUNA 20KG;CAT CHOIZE KITTEN TUNA 20KG;;;;;1;SAK;469.000;0;469.000;
7;CAT CHOIZE KITTEN SALMON 20KG;CAT CHOIZE KITTEN SALMON 20KG;;;;;1;SAK;469.000;0;469.000;
8;EXCEL CAT 20 KG M&K;EXCEL CAT 20 KG MOTHER & KITTEN;;;;;1;SAK;465.000;0;465.000;
9;FELIBITE 500 GR I (SAK);FELIBITE 500 GR IKAN (SAK);;;;;1;SAK;440.500;0;440.500;
10;MAXI CAT CHICKEN & TUNA 20KG;MAXI CAT FOOD CHICKEN TUNA 20KG;;;;;5;SAK;538.500;0;2.692.500;
11;MAXI CAT SAND 30 L;PASIR MAXI 30 L;;;;;5;SAK;160.000;0;800.000;
;;;;;; ;;;;;;
;;;;;;;34;;;;7.709.000;
Pot. :;0;;Pajak :;0;;Biaya :;0;;Total Akhir :;7.709.000;;
 ;;;;;;;;;;;;
JL-0012131-26;;16/07/2026;;;PL4677;AHMED FAOUZI;;;JL MUJAHIDIN RT.011/002 RAMBUTAN CIRACAS( SAMPING SEKOLAHAN SMK WIJAYA KUSUMA )  ;;;
No.;Kd. Item;Nama Item;;;;;Jml;Satuan;Harga;Pot. %;Total;
1;BOLT CAT TUNA 20KG IKAN FRESHPACK;BOLT CAT TUNA 20KG IKAN FRESHPACK;;;;;4;SAK;415.000;0;1.660.000;
2;CAT CHOIZE TUNA 20KG;CAT CHOIZE TUNA 20KG;;;;;1;SAK;419.000;0;419.000;
3;CAT CHOIZE KITTEN TUNA 20KG;CAT CHOIZE KITTEN TUNA 20KG;;;;;1;SAK;471.000;0;471.000;
4;CAT CHOIZE SALMON 20KG;CAT CHOIZE SALMON 20KG;;;;;1;SAK;419.000;0;419.000;
5;BOLT CAT SALMON 20KG FRESHPACK BULAT;BOLT CAT SALMON 20KG FRESHPACK BULAT;;;;;1;SAK;415.000;0;415.000;
6;CAT CHOIZE MOTHER & KITTEN 20KG;CAT CHOIZE MOTHER & KITTEN 20KG;;;;;1;SAK;472.000;0;472.000;
7;TARO CAT LITTER 5 LT;TARO CAT LITTER 5 LT (ISI 6);;;;;6;PCS;25.000;0;150.000;
8;TARO CAT LITTER 10 L;TARO CAT LITTER 10 L (ISI 3);;;;;3;PCS;45.500;0;136.500;
9;PASIR MIGOO 10 L (ISI 3);PASIR MIGOO 10 L (ISI 3);;;;;3;PCS;41.000;0;123.000;
;;;;;; ;;;;;;
;;;;;;;21;;;;4.265.500;
Pot. :;0;;Pajak :;0;;Biaya :;0;;Total Akhir :;4.265.500;;
 ;;;;;;;;;;;;
JL-0012137-26;;16/07/2026;;;PL0002;TEGUH PS;;;GUNUNG PUTRI  ;;;
No.;Kd. Item;Nama Item;;;;;Jml;Satuan;Harga;Pot. %;Total;
1;CAT CHOIZE TUNA 20KG;CAT CHOIZE TUNA 20KG;;;;;5;SAK;417.000;0;2.085.000;
2;CAT CHOIZE SALMON 20KG;CAT CHOIZE SALMON 20KG;;;;;5;SAK;417.000;0;2.085.000;
3;CAT CHOIZE KITTEN TUNA 20KG;CAT CHOIZE KITTEN TUNA 20KG;;;;;5;SAK;469.000;0;2.345.000;
4;BOLT CAT MOTHER&KITTEN 20KG TUNA;BOLT CAT MOTHER&KITTEN 20KG TUNA;;;;;5;SAK;466.500;0;2.332.500;
5;MISTER PUSS SALMON 20KG;MISTER PUSS SALMON 20KG;;;;;10;SAK;393.000;0;3.930.000;
;;;;;; ;;;;;;
;;;;;;;30;;;;12.777.500;
Pot. :;0;;Pajak :;0;;Biaya :;0;;Total Akhir :;12.777.500;;
 ;;;;;;;;;;;;
JL-0012138-26;;16/07/2026;;;PL5899;RAINA SADIK ABD KADIR;;;JL.BUKIT DURI BARAT NO.04 RT.04/01, BUKIT DURI KEC.TEBET JAKARTA SELATAN DKI JAKARTA;;;
No.;Kd. Item;Nama Item;;;;;Jml;Satuan;Harga;Pot. %;Total;
1;MISTER PUSS SALMON 20KG;MISTER PUSS SALMON 20KG;;;;;2;SAK;398.000;0;796.000;
2;MISTER PUSS TUNA 20KG;MISTER PUSS TUNA 20KG;;;;;2;SAK;398.000;0;796.000;
3;FELIBITE 500 GR I (SAK);FELIBITE 500 GR IKAN (SAK);;;;;2;SAK;443.000;0;886.000;
4;FELIBITE 500 GR SM (SAK);FELIBITE 500 GR SALMON MENTAI (SAK);;;;;2;SAK;443.000;0;886.000;
5;FELIBITE M&K 20 KG;FELIBITE MOTHER KITTEN 20 KG;;;;;2;SAK;498.500;0;997.000;
6;CHESTER 20 KG FP - TUNA;CHESTER 20 KG FP - TUNA;;;;;1;SAK;379.000;0;379.000;
7;LIFE CAT 20 KG;LIFE CAT 20 KG;;;;;1;SAK;532.500;0;532.500;
;;;;;; ;;;;;;
;;;;;;;12;;;;5.272.500;
Pot. :;0;;Pajak :;0;;Biaya :;0;;Total Akhir :;5.272.500;;
 ;;;;;;;;;;;;
JL-0012160-26;;16/07/2026;;;PL6850;DIDI HENDRAWAN RUDDIN;;;GRIYA MALAKA JAKARTA TIMUR DKI JAKARTA;;;
No.;Kd. Item;Nama Item;;;;;Jml;Satuan;Harga;Pot. %;Total;
1;PBT-400GR-SAK;PUSSBITE TUNA 400 GR (SAK);;;;;1;SAK;368.500;0;368.500;
2;PBS-400GR-SAK;PUSSBITE SALMON 400 GR (SAK);;;;;1;SAK;368.500;0;368.500;
3;MPKM10K;MISTER PUSS KITTEN MAMA 10KG;;;;;1;SAK;228.500;0;228.500;
4;PASIR SPS (ALL VARIANT);PASIR ZEOLITE;;;;;5;SAK;23.500;0;117.500;
;;;;;; ;;;;;;
;;;;;;;8;;;;1.083.000;
Pot. :;0;;Pajak :;0;;Biaya :;0;;Total Akhir :;1.083.000;;
 ;;;;;;;;;;;;
JL-0012188-26;;17/07/2026;;;PL3919;PUPUNG PURBASARINING;;;GRIYA BUKIT JAYA BLOK F8 NO.75 RT 03/26 KEL TELAJUNG UDIK KEC. GUNUNG PUTRI BOGOR ;;;
No.;Kd. Item;Nama Item;;;;;Jml;Satuan;Harga;Pot. %;Total;
1;CAT CHOIZE TUNA 20KG;CAT CHOIZE TUNA 20KG;;;;;5;SAK;419.000;0;2.095.000;
2;CAT CHOIZE SALMON 20KG;CAT CHOIZE SALMON 20KG;;;;;5;SAK;419.000;0;2.095.000;
3;CAT CHOIZE KITTEN TUNA 20KG;CAT CHOIZE KITTEN TUNA 20KG;;;;;1;SAK;471.000;0;471.000;
4;CAT CHOIZE KITTEN SALMON 20KG;CAT CHOIZE KITTEN SALMON 20KG;;;;;1;SAK;471.000;0;471.000;
5;PBT-400GR-SAK;PUSSBITE TUNA 400 GR (SAK);;;;;1;SAK;368.500;0;368.500;
6;PBS-400GR-SAK;PUSSBITE SALMON 400 GR (SAK);;;;;1;SAK;368.500;0;368.500;
7;MAXI CAT CHICKEN & TUNA 20KG;MAXI CAT FOOD CHICKEN TUNA 20KG;;;;;1;SAK;541.000;0;541.000;
8;LIFE CAT 20 KG;LIFE CAT 20 KG;;;;;1;SAK;532.500;0;532.500;
9;BOLT CAT SALMON 20KG FRESHPACK BULAT;BOLT CAT SALMON 20KG FRESHPACK BULAT;;;;;1;SAK;415.000;0;415.000;
10;MEO 7 KG - SALMON;MEO 7 KG - SALMON;;;;;1;SAK;253.000;0;253.000;
;;;;;; ;;;;;;
;;;;;;;18;;;;7.610.500;
Pot. :;0;;Pajak :;0;;Biaya :;0;;Total Akhir :;7.610.500;;
 ;;;;;;;;;;;;
JL-0012198-26;;17/07/2026;;;PL0002;TEGUH PS;;;GUNUNG PUTRI  ;;;
No.;Kd. Item;Nama Item;;;;;Jml;Satuan;Harga;Pot. %;Total;
1;PBS-400GR-SAK;PUSSBITE SALMON 400 GR (SAK);;;;;3;SAK;364.000;0;1.092.000;
2;PBT-400GR-SAK;PUSSBITE TUNA 400 GR (SAK);;;;;1;SAK;364.000;0;364.000;
3;FELIBITE 500 GR I (SAK);FELIBITE 500 GR IKAN (SAK);;;;;2;SAK;438.000;0;876.000;
;;;;;; ;;;;;;
;;;;;;;6;;;;2.332.000;
Pot. :;0;;Pajak :;0;;Biaya :;0;;Total Akhir :;2.332.000;;
 ;;;;;;;;;;;;
JL-0012213-26;;17/07/2026;;;PL0002;TEGUH PS;;;GUNUNG PUTRI  ;;;
No.;Kd. Item;Nama Item;;;;;Jml;Satuan;Harga;Pot. %;Total;
1;FELIBITE 500 GR I (SAK);FELIBITE 500 GR IKAN (SAK);;;;;10;SAK;438.000;0;4.380.000;
2;FELIBITE 500 GR D (SAK);FELIBITE 500 GR DONAT (SAK);;;;;3;SAK;438.000;0;1.314.000;
3;CAT CHOIZE TUNA 20KG;CAT CHOIZE TUNA 20KG;;;;;10;SAK;417.000;0;4.170.000;
4;CAT CHOIZE SALMON 20KG;CAT CHOIZE SALMON 20KG;;;;;10;SAK;417.000;0;4.170.000;
5;BOLT CAT SALMON 20KG FRESHPACK BULAT;BOLT CAT SALMON 20KG FRESHPACK BULAT;;;;;10;SAK;410.500;0;4.105.000;
6;MISTER PUSS TUNA 20KG;MISTER PUSS TUNA 20KG;;;;;10;SAK;393.000;0;3.930.000;
7;EXCEL CAT 20 KG TI;EXCEL CAT 20 KG TUNA IKAN;;;;;10;SAK;418.500;0;4.185.000;
8;EXCEL CAT 20 KG C&T S;EXCEL CAT 20 KG CHICK&TUNA SEGITIGA;;;;;3;SAK;418.500;0;1.255.500;
9;EXCEL CAT 20 KG TD;EXCEL CAT 20 KG TUNA DONAT;;;;;3;SAK;418.500;0;1.255.500;
10;MPKM10K;MISTER PUSS KITTEN MAMA 10KG;;;;;5;SAK;222.500;0;1.112.500;
11;PBS-400GR-SAK;PUSSBITE SALMON 400 GR (SAK);;;;;5;SAK;364.000;0;1.820.000;
12;PBT-400GR-SAK;PUSSBITE TUNA 400 GR (SAK);;;;;5;SAK;364.000;0;1.820.000;
13;BEAUTY CAT 20KG - CHICKEN & SALMON;BEAUTY CAT 20KG - CHICKEN & SALMON;;;;;1;SAK;520.500;0;520.500;
14;CAT CHOIZE KITTEN TUNA 20KG;CAT CHOIZE KITTEN TUNA 20KG;;;;;5;SAK;469.000;0;2.345.000;
15;CAT CHOIZE KITTEN SALMON 20KG;CAT CHOIZE KITTEN SALMON 20KG;;;;;3;SAK;469.000;0;1.407.000;
16;CHESTER 20 KG FP - TUNA;CHESTER 20 KG FP - TUNA;;;;;2;SAK;374.500;0;749.000;
;;;;;; ;;;;;;
;;;;;;;95;;;;38.539.000;
Pot. :;0;;Pajak :;0;;Biaya :;0;;Total Akhir :;38.539.000;;
 ;;;;;;;;;;;;
JL-0012240-26;;18/07/2026;;;PL6564;MAMAH DHEA - LIMO DEPOK;;;JL . BENDA BLOK B 10 NO.12 A LIMO DEPOK DEPOK JAWA BARAT;;;
No.;Kd. Item;Nama Item;;;;;Jml;Satuan;Harga;Pot. %;Total;
1;DOG CHOIZE BEEF 20KG;DOG CHOIZE BEEF 20KG;;;;;20;SAK;345.000;0;6.900.000;
;;;;;; ;;;;;;
;;;;;;;20;;;;6.900.000;
Pot. :;0;;Pajak :;0;;Biaya :;0;;Total Akhir :;6.900.000;;
 ;;;;;;;;;;;;
JL-0012272-26;;18/07/2026;;;PL2588;RN PETSHOP - CIRACAS;;;JL RAYA PKP NO.02 KELAPA DUA WETAN - CIRACAS JAK - TIM ;;;
No.;Kd. Item;Nama Item;;;;;Jml;Satuan;Harga;Pot. %;Total;
1;ORI CAT 20 KG - ADULT CHICKEN & TUNA FP (SAK);ORI CAT 20 KG - ADULT CHICKEN & TUNA FP (SAK);;;;;1;SAK;443.000;0;443.000;
2;LIFE CAT 20 KG;LIFE CAT 20 KG;;;;;1;SAK;532.500;0;532.500;
3;BEAUTY CAT 20KG - CHICKEN & SALMON;BEAUTY CAT 20KG - CHICKEN & SALMON;;;;;1;SAK;523.000;0;523.000;
4;EXCEL CAT 20 KG M&K;EXCEL CAT 20 KG MOTHER & KITTEN;;;;;1;SAK;470.000;0;470.000;
5;MEO 7 KG - TUNA;MEO 7 KG - TUNA;;;;;3;SAK;253.000;0;759.000;
6;MEO 7 KG - PERSIAN;MEO 6.8 KG - PERSIAN;;;;;3;SAK;297.000;0;891.000;
;;;;;; ;;;;;;
;;;;;;;10;;;;3.618.500;
Pot. :;0;;Pajak :;0;;Biaya :;0;;Total Akhir :;3.618.500;;
 ;;;;;;;;;;;;
JL-0012320-26;;20/07/2026;;;PL5384;MIAW PETSHOP 3 - KRAMATJATI;;;JL. NUSA I RT 002/003 KEL. KRAMATJATI, KEC. KRAMATJATI  ;;;
No.;Kd. Item;Nama Item;;;;;Jml;Satuan;Harga;Pot. %;Total;
1;CAT CHOIZE MOTHER & KITTEN 20KG;CAT CHOIZE MOTHER & KITTEN 20KG;;;;;2;SAK;472.000;0;944.000;
2;CAT CHOIZE TUNA 20KG;CAT CHOIZE TUNA 20KG;;;;;2;SAK;419.000;0;838.000;
3;CAT CHOIZE SALMON 20KG;CAT CHOIZE SALMON 20KG;;;;;2;SAK;419.000;0;838.000;
4;EXCEL CAT 20 KG M&K;EXCEL CAT 20 KG MOTHER & KITTEN;;;;;1;SAK;470.000;0;470.000;
5;EXCEL CAT 20 KG TI;EXCEL CAT 20 KG TUNA IKAN;;;;;1;SAK;423.500;0;423.500;
6;FELIBITE 500 GR I (SAK);FELIBITE 500 GR IKAN (SAK);;;;;1;SAK;443.000;0;443.000;
7;FELIBITE M&K 20 KG;FELIBITE MOTHER KITTEN 20 KG;;;;;1;SAK;498.500;0;498.500;
8;MPKM10K;MISTER PUSS KITTEN MAMA 10KG;;;;;1;SAK;228.500;0;228.500;
9;CHESTER 20 KG FP - TUNA;CHESTER 20 KG FP - TUNA;;;;;1;SAK;379.000;0;379.000;
10;BEAUTY CAT 20KG - CHICKEN & SALMON;BEAUTY CAT 20KG - CHICKEN & SALMON;;;;;1;SAK;523.000;0;523.000;
11;LIFE CAT 20 KG;LIFE CAT 20 KG;;;;;2;SAK;532.500;0;1.065.000;
12;BOLT CAT TUNA 20KG IKAN FRESHPACK;BOLT CAT TUNA 20KG IKAN FRESHPACK;;;;;1;SAK;415.000;0;415.000;
13;TARO CAT LITTER 5 LT;TARO CAT LITTER 5 LT (ISI 6);;;;;12;PCS;25.000;0;300.000;
14;MARKOTOPS CAT LITTER 10 LTR;PASIR MARKOTOPS 10 L (ISI 3);;;;;6;PCS;52.500;0;315.000;
15;MAXI CAT CHICKEN & TUNA 20KG;MAXI CAT FOOD CHICKEN TUNA 20KG;;;;;1;SAK;541.000;0;541.000;
16;MISTER PUSS SALMON 20KG;MISTER PUSS SALMON 20KG;;;;;1;SAK;398.000;0;398.000;
17;MISTER PUSS TUNA 20KG;MISTER PUSS TUNA 20KG;;;;;1;SAK;398.000;0;398.000;
;;;;;; ;;;;;;
;;;;;;;37;;;;9.017.500;
Pot. :;0;;Pajak :;0;;Biaya :;0;;Total Akhir :;9.017.500;;
 ;;;;;;;;;;;;
JL-0012331-26;;20/07/2026;;;PL5230;MIRNA FERIAN;;;JL KEBON BAWANG IX NO. 27 RT 016/001 KEBON BAWANG TANJUNG PRIOK JAKUT DKI JAKARTA;;;
No.;Kd. Item;Nama Item;;;;;Jml;Satuan;Harga;Pot. %;Total;
1;CHESTER 20 KG FP - TUNA;CHESTER 20 KG FP - TUNA;;;;;1;SAK;377.000;0;377.000;
2;CUTIES CATZ 20KG FRESH PACK;CUTIES CATZ 20KG FRESH PACK;;;;;1;SAK;446.000;0;446.000;
;;;;;; ;;;;;;
;;;;;;;2;;;;823.000;
Pot. :;0;;Pajak :;0;;Biaya :;0;;Total Akhir :;823.000;;
 ;;;;;;;;;;;;
JL-0012332-26;;20/07/2026;;;PL6216;SITI DHARWATI - PEKAYON;;;PEKAYON RT 002/008 KEL. PEKAYON, KEC. PASAR REBO JAKARTA TIMUR DKI JAKARTA;;;
No.;Kd. Item;Nama Item;;;;;Jml;Satuan;Harga;Pot. %;Total;
1;LIFE CAT 20 KG;LIFE CAT 20 KG;;;;;1;SAK;541.000;0;541.000;
2;MARKOTOPS CAT LITTER 25 L;PASIR MARKOTOPS 25 L;;;;;1;PCS;113.500;0;113.500;
;;;;;; ;;;;;;
;;;;;;;2;;;;654.500;
Pot. :;0;;Pajak :;0;;Biaya :;0;;Total Akhir :;654.500;;
 ;;;;;;;;;;;;
JL-0012353-26;;20/07/2026;;;PL5899;RAINA SADIK ABD KADIR;;;JL.BUKIT DURI BARAT NO.04 RT.04/01, BUKIT DURI KEC.TEBET JAKARTA SELATAN DKI JAKARTA;;;
No.;Kd. Item;Nama Item;;;;;Jml;Satuan;Harga;Pot. %;Total;
1;CAT CHOIZE KITTEN TUNA 20KG;CAT CHOIZE KITTEN TUNA 20KG;;;;;1;SAK;471.000;0;471.000;
2;CAT CHOIZE KITTEN SALMON 20KG;CAT CHOIZE KITTEN SALMON 20KG;;;;;1;SAK;471.000;0;471.000;
3;CAT CHOIZE TUNA 20KG;CAT CHOIZE TUNA 20KG;;;;;1;SAK;419.000;0;419.000;
4;CAT CHOIZE SALMON 20KG;CAT CHOIZE SALMON 20KG;;;;;1;SAK;419.000;0;419.000;
5;BOLT CAT TUNA 20KG IKAN FRESHPACK;BOLT CAT TUNA 20KG IKAN FRESHPACK;;;;;1;SAK;415.000;0;415.000;
6;EXCEL CAT 20 KG M&K;EXCEL CAT 20 KG MOTHER & KITTEN;;;;;1;SAK;470.000;0;470.000;
7;LIFE CAT 20 KG;LIFE CAT 20 KG;;;;;1;SAK;532.500;0;532.500;
;;;;;; ;;;;;;
;;;;;;;7;;;;3.197.500;
Pot. :;0;;Pajak :;0;;Biaya :;0;;Total Akhir :;3.197.500;;
 ;;;;;;;;;;;;
JL-0012360-26;;20/07/2026;;;PL6217;LUSI INDRIYANI;;;CIPINANG ASEM NO.25 RT 012/002 KEL. KEBON PALA, KEC. MAKASAR JAKARTA TIMUR DKI JAKARTA;;;
No.;Kd. Item;Nama Item;;;;;Jml;Satuan;Harga;Pot. %;Total;
1;CAT CHOIZE KITTEN TUNA 20KG;CAT CHOIZE KITTEN TUNA 20KG;;;;;1;SAK;471.000;0;471.000;
2;MAXI CAT CHICKEN & TUNA 20KG;MAXI CAT FOOD CHICKEN TUNA 20KG;;;;;1;SAK;541.000;0;541.000;
3;MEO 7 KG - KITTEN OCEAN FISH;MEO 7 KG - KITTEN OCEAN FISH;;;;;1;SAK;297.000;0;297.000;
;;;;;; ;;;;;;
;;;;;;;3;;;;1.309.000;
Pot. :;0;;Pajak :;0;;Biaya :;0;;Total Akhir :;1.309.000;;
 ;;;;;;;;;;;;
JL-0012378-26;;21/07/2026;;;PL5899;RAINA SADIK ABD KADIR;;;JL.BUKIT DURI BARAT NO.04 RT.04/01, BUKIT DURI KEC.TEBET JAKARTA SELATAN DKI JAKARTA;;;
No.;Kd. Item;Nama Item;;;;;Jml;Satuan;Harga;Pot. %;Total;
1;EXCEL CAT 20 KG TI;EXCEL CAT 20 KG TUNA IKAN;;;;;1;SAK;423.500;0;423.500;
2;BEAUTY CAT 20KG - CHICKEN & SALMON;BEAUTY CAT 20KG - CHICKEN & SALMON;;;;;1;SAK;523.000;0;523.000;
3;CHESTER 20 KG FP - TUNA;CHESTER 20 KG FP - TUNA;;;;;1;SAK;379.000;0;379.000;
4;LIFE CAT 20 KG;LIFE CAT 20 KG;;;;;1;SAK;532.500;0;532.500;
5;BOLT CAT TUNA 20KG IKAN FRESHPACK;BOLT CAT TUNA 20KG IKAN FRESHPACK;;;;;1;SAK;415.000;0;415.000;
6;CAT CHOIZE SALMON 20KG;CAT CHOIZE SALMON 20KG;;;;;1;SAK;419.000;0;419.000;
7;CAT CHOIZE TUNA 20KG;CAT CHOIZE TUNA 20KG;;;;;1;SAK;419.000;0;419.000;
8;CAT CHOIZE KITTEN TUNA 20KG;CAT CHOIZE KITTEN TUNA 20KG;;;;;1;SAK;471.000;0;471.000;
;;;;;; ;;;;;;
;;;;;;;8;;;;3.582.000;
Pot. :;0;;Pajak :;0;;Biaya :;0;;Total Akhir :;3.582.000;;
 ;;;;;;;;;;;;
JL-0012417-26;;21/07/2026;;;PL6217;LUSI INDRIYANI;;;CIPINANG ASEM NO.25 RT 012/002 KEL. KEBON PALA, KEC. MAKASAR JAKARTA TIMUR DKI JAKARTA;;;
No.;Kd. Item;Nama Item;;;;;Jml;Satuan;Harga;Pot. %;Total;
1;PBT-400GR-SAK;PUSSBITE TUNA 400 GR (SAK);;;;;1;SAK;368.500;0;368.500;
;;;;;; ;;;;;;
;;;;;;;1;;;;368.500;
Pot. :;0;;Pajak :;0;;Biaya :;0;;Total Akhir :;368.500;;
 ;;;;;;;;;;;;
JL-0012434-26;;22/07/2026;;;PL3824;AHMAD SAIFUDIN;;;KP. UTAN RT008/008 RAGUNAN PS. MINGGU JAKARTA SELATAN DKI JAKARTA;;;
No.;Kd. Item;Nama Item;;;;;Jml;Satuan;Harga;Pot. %;Total;
1;MISTER PUSS SALMON 20KG;MISTER PUSS SALMON 20KG;;;;;1;SAK;398.000;0;398.000;
2;MISTER PUSS TUNA 20KG;MISTER PUSS TUNA 20KG;;;;;1;SAK;398.000;0;398.000;
3;DOG CHOIZE BEEF 20KG;DOG CHOIZE BEEF 20KG;;;;;3;SAK;345.000;0;1.035.000;
;;;;;; ;;;;;;
;;;;;;;5;;;;1.831.000;
Pot. :;0;;Pajak :;0;;Biaya :;0;;Total Akhir :;1.831.000;;
 ;;;;;;;;;;;;
JL-0012437-26;;22/07/2026;;;PL5329;PETSUPPS.ID - TANAH MERDEKA;;;JL. TANAH MERDEKA RT 008/003 KEL. RAMBUTAN, KEC. CIRACAS  ;;;
No.;Kd. Item;Nama Item;;;;;Jml;Satuan;Harga;Pot. %;Total;
1;PASIR SPS (ALL VARIANT);PASIR ZEOLITE;;;;;42;SAK;23.500;0;987.000;
;;;;;; ;;;;;;
;;;;;;;42;;;;987.000;
Pot. :;0;;Pajak :;0;;Biaya :;0;;Total Akhir :;987.000;;
 ;;;;;;;;;;;;
JL-0012439-26;;22/07/2026;;;PL4890;SURYADI - KALIBATA;;;KALIBATA PULO NO.34 A RT 005/005 KEL. KALIBATA, KEC. PANCORAN  ;;;
No.;Kd. Item;Nama Item;;;;;Jml;Satuan;Harga;Pot. %;Total;
1;BOLT CAT TUNA 20KG IKAN FRESHPACK;BOLT CAT TUNA 20KG IKAN FRESHPACK;;;;;8;SAK;415.000;0;3.320.000;
2;CAT CHOIZE TUNA 20KG;CAT CHOIZE TUNA 20KG;;;;;6;SAK;419.000;0;2.514.000;
3;CAT CHOIZE SALMON 20KG;CAT CHOIZE SALMON 20KG;;;;;5;SAK;419.000;0;2.095.000;
4;CAT CHOIZE MOTHER & KITTEN 20KG;CAT CHOIZE MOTHER & KITTEN 20KG;;;;;2;SAK;472.000;0;944.000;
5;CAT CHOIZE KITTEN TUNA 20KG;CAT CHOIZE KITTEN TUNA 20KG;;;;;3;SAK;471.000;0;1.413.000;
6;CAT CHOIZE KITTEN SALMON 20KG;CAT CHOIZE KITTEN SALMON 20KG;;;;;3;SAK;471.000;0;1.413.000;
7;FELIBITE 500 GR I (SAK);FELIBITE 500 GR IKAN (SAK);;;;;8;SAK;443.000;0;3.544.000;
8;EXCEL CAT 20 KG C&T S;EXCEL CAT 20 KG CHICK&TUNA SEGITIGA;;;;;1;SAK;423.500;0;423.500;
9;FELIBITE M&K 20 KG;FELIBITE MOTHER KITTEN 20 KG;;;;;1;SAK;498.500;0;498.500;
10;EXCEL CAT 20 KG M&K;EXCEL CAT 20 KG MOTHER & KITTEN;;;;;2;SAK;470.000;0;940.000;
11;BEAUTY CAT 20KG - CHICKEN & SALMON;BEAUTY CAT 20KG - CHICKEN & SALMON;;;;;1;SAK;523.000;0;523.000;
12;EXCEL CAT 20 KG TI;EXCEL CAT 20 KG TUNA IKAN;;;;;1;SAK;423.500;0;423.500;
13;BOLT CAT MOTHER&KITTEN 20KG TUNA;BOLT CAT MOTHER&KITTEN 20KG TUNA;;;;;1;SAK;471.500;0;471.500;
14;BOLT CAT SALMON 20KG FRESHPACK BULAT;BOLT CAT SALMON 20KG FRESHPACK BULAT;;;;;3;SAK;415.000;0;1.245.000;
15;BOLT CAT TUNA 20KG DONAT FRESHPACK;BOLT CAT TUNA 20KG DONAT FRESHPACK;;;;;3;SAK;415.000;0;1.245.000;
16;CHESTER 20 KG FP - TUNA;CHESTER 20 KG FP - TUNA;;;;;1;SAK;379.000;0;379.000;
17;PASIR MIGOO 25 L;PASIR MIGOO 25 L;;;;;4;PCS;82.000;0;328.000;
18;PASIR MIGOO 5 L (ISI 6);PASIR MIGOO 5 L (ISI 6);;;;;24;PCS;22.000;0;528.000;
;;;;;; ;;;;;;
;;;;;;;77;;;;22.248.000;
Pot. :;0;;Pajak :;0;;Biaya :;0;;Total Akhir :;22.248.000;;
 ;;;;;;;;;;;;
JL-0012452-26;;22/07/2026;;;PL3947;APRIYANTI TRIARINI;;;JL. MAWAR RAYA NO. 33 RT 12/10 GG. H. KUMING KALISARI 3 JAKARTA TIMUR ;;;
No.;Kd. Item;Nama Item;;;;;Jml;Satuan;Harga;Pot. %;Total;
1;BOLT DOG 20KG BEEF - FRESHPACK;BOLT DOG 20KG BEEF - FRESHPACK;;;;;3;SAK;335.000;0;1.005.000;
2;BOLT DOG 20KG LAMB - FRESHPACK;BOLT DOG 20KG LAMB - FRESHPACK;;;;;2;SAK;335.000;0;670.000;
3;MEO 7 KG - TUNA;MEO 7 KG - TUNA;;;;;1;SAK;253.000;0;253.000;
4;MEO 7 KG - SALMON;MEO 7 KG - SALMON;;;;;2;SAK;253.000;0;506.000;
;;;;;; ;;;;;;
;;;;;;;8;;;;2.434.000;
Pot. :;0;;Pajak :;0;;Biaya :;0;;Total Akhir :;2.434.000;;
 ;;;;;;;;;;;;
JL-0012463-26;;22/07/2026;;;PL6238;HAPPY MIX STORE;;;JL. SMP 160 NO.28 RT.003/RW.001 CEGER JAKARTA TIMUR DKI JAKARTA;;;
No.;Kd. Item;Nama Item;;;;;Jml;Satuan;Harga;Pot. %;Total;
1;EXCEL CAT 20 KG TI;EXCEL CAT 20 KG TUNA IKAN;;;;;2;SAK;423.500;0;847.000;
2;ORI CAT 20 KG - IKAN FRESH PACK (SAK);ORI CAT 20 KG - IKAN FRESH PACK (SAK);;;;;1;SAK;443.000;0;443.000;
3;BOLT CAT TUNA 20KG DONAT FRESHPACK;BOLT CAT TUNA 20KG DONAT FRESHPACK;;;;;2;SAK;415.000;0;830.000;
4;BOLT CAT TUNA 20KG IKAN FRESHPACK;BOLT CAT TUNA 20KG IKAN FRESHPACK;;;;;5;SAK;415.000;0;2.075.000;
5;BOLT CAT MOTHER&KITTEN 20KG TUNA;BOLT CAT MOTHER&KITTEN 20KG TUNA;;;;;1;SAK;471.500;0;471.500;
6;BEAUTY CAT 20KG - CHICKEN & SALMON;BEAUTY CAT 20KG - CHICKEN & SALMON;;;;;1;SAK;523.000;0;523.000;
7;CAT CHOIZE TUNA 20KG;CAT CHOIZE TUNA 20KG;;;;;2;SAK;419.000;0;838.000;
8;CAT CHOIZE SALMON 20KG;CAT CHOIZE SALMON 20KG;;;;;1;SAK;419.000;0;419.000;
9;TOTO CAT LITTER 10 L;TOTO CAT LITTER 10 L (ISI 3);;;;;6;PCS;47.000;0;282.000;
10;PAWSITIVE CAT SAND 5.5 L (ISI 5);PAWSITIVE CAT SAND 5.5 L (ISI 5);;;;;10;PCS;30.500;0;305.000;
11;PAWSITIVE CAT SAND 10 L;PAWSITIVE CAT SAND 10 L (ISI 3);;;;;3;PCS;53.000;0;159.000;
12;MARKOTOPS CAT LITTER 10 LTR;PASIR MARKOTOPS 10 L (ISI 3);;;;;3;PCS;52.500;0;157.500;
13;TOP CAT LITTER 5 L;TOP CAT LITTER 5 L (ISI 6);;;;;6;PCS;27.500;0;165.000;
;;;;;; ;;;;;;
;;;;;;;43;;;;7.515.000;
Pot. :;0;;Pajak :;0;;Biaya :;0;;Total Akhir :;7.515.000;;
 ;;;;;;;;;;;;
JL-0012471-26;;22/07/2026;;;PL0002;TEGUH PS;;;GUNUNG PUTRI  ;;;
No.;Kd. Item;Nama Item;;;;;Jml;Satuan;Harga;Pot. %;Total;
1;CAT CHOIZE TUNA 20KG;CAT CHOIZE TUNA 20KG;;;;;10;SAK;417.000;0;4.170.000;
2;MISTER PUSS SALMON 20KG;MISTER PUSS SALMON 20KG;;;;;10;SAK;393.000;0;3.930.000;
3;BOLT CAT TUNA 20KG IKAN FRESHPACK;BOLT CAT TUNA 20KG IKAN FRESHPACK;;;;;20;SAK;410.500;0;8.210.000;
4;BOLT CAT TUNA 20KG DONAT FRESHPACK;BOLT CAT TUNA 20KG DONAT FRESHPACK;;;;;5;SAK;410.500;0;2.052.500;
;;;;;; ;;;;;;
;;;;;;;45;;;;18.362.500;
Pot. :;0;;Pajak :;0;;Biaya :;0;;Total Akhir :;18.362.500;;
 ;;;;;;;;;;;;
JL-0012504-26;;23/07/2026;;;PL5113;ARAFYAT GIAWA;;;JL. SWADAYA 1 NO. 2 RT 008 / RW. 010 PEJATEN TIMUR PASAR MINGGU JAKARTA SELATAN DKI JAKARTA;;;
No.;Kd. Item;Nama Item;;;;;Jml;Satuan;Harga;Pot. %;Total;
1;TOP CAT LITTER 25 L;TOP CAT LITTER 25 L;;;;;10;PCS;105.000;0;1.050.000;
2;CAT CHOIZE KITTEN TUNA 20KG;CAT CHOIZE KITTEN TUNA 20KG;;;;;1;SAK;471.000;0;471.000;
3;CAT CHOIZE TUNA 20KG;CAT CHOIZE TUNA 20KG;;;;;2;SAK;419.000;0;838.000;
4;CAT CHOIZE SALMON 20KG;CAT CHOIZE SALMON 20KG;;;;;3;SAK;419.000;0;1.257.000;
5;BEAUTY CAT 20KG - CHICKEN & SALMON;BEAUTY CAT 20KG - CHICKEN & SALMON;;;;;2;SAK;523.000;0;1.046.000;
6;LEZATO TUNA 20KG;LEZATO TUNA 20KG;;;;;1;SAK;398.000;0;398.000;
7;BOLT CAT TUNA 20KG DONAT FRESHPACK;BOLT CAT TUNA 20KG DONAT FRESHPACK;;;;;1;SAK;415.000;0;415.000;
8;EXCEL CAT 20 KG TD;EXCEL CAT 20 KG TUNA DONAT;;;;;1;SAK;423.500;0;423.500;
9;CHESTER 20 KG FP - TUNA;CHESTER 20 KG FP - TUNA;;;;;3;SAK;379.000;0;1.137.000;
;;;;;; ;;;;;;
;;;;;;;24;;;;7.035.500;
Pot. :;0;;Pajak :;0;;Biaya :;0;;Total Akhir :;7.035.500;;
 ;;;;;;;;;;;;
JL-0012505-26;;23/07/2026;;;PL4677;AHMED FAOUZI;;;JL MUJAHIDIN RT.011/002 RAMBUTAN CIRACAS( SAMPING SEKOLAHAN SMK WIJAYA KUSUMA )  ;;;
No.;Kd. Item;Nama Item;;;;;Jml;Satuan;Harga;Pot. %;Total;
1;PASIR MIGOO 25 L;PASIR MIGOO 25 L;;;;;3;PCS;82.000;0;246.000;
2;PASIR MIGOO 5 L (ISI 6);PASIR MIGOO 5 L (ISI 6);;;;;6;PCS;22.000;0;132.000;
3;TARO CAT LITTER 10 L;TARO CAT LITTER 10 L (ISI 3);;;;;3;PCS;45.500;0;136.500;
4;BOLT CAT TUNA 20KG IKAN FRESHPACK;BOLT CAT TUNA 20KG IKAN FRESHPACK;;;;;3;SAK;415.000;0;1.245.000;
5;CAT CHOIZE TUNA 20KG;CAT CHOIZE TUNA 20KG;;;;;1;SAK;419.000;0;419.000;
6;CAT CHOIZE KITTEN TUNA 20KG;CAT CHOIZE KITTEN TUNA 20KG;;;;;1;SAK;471.000;0;471.000;
7;CAT CHOIZE SALMON 20KG;CAT CHOIZE SALMON 20KG;;;;;1;SAK;419.000;0;419.000;
;;;;;; ;;;;;;
;;;;;;;18;;;;3.068.500;
Pot. :;0;;Pajak :;0;;Biaya :;0;;Total Akhir :;3.068.500;;
 ;;;;;;;;;;;;
JL-0012508-26;;23/07/2026;;;PL7750;FARID MAHMUD ADITA;;;PERUM GRIYA ASRI BLOK B2-18 RT.003/011 KEL. CISEUREUH KEC. PURWAKARTA KABUPATEN PURWAKARTA JAWA BARAT;;;
No.;Kd. Item;Nama Item;;;;;Jml;Satuan;Harga;Pot. %;Total;
1;LIFE CAT 20 KG;LIFE CAT 20 KG;;;;;1;SAK;532.500;0;532.500;
2;BOLT DOG 20KG BEEF - FRESHPACK;BOLT DOG 20KG BEEF - FRESHPACK;;;;;1;SAK;335.000;0;335.000;
;;;;;; ;;;;;;
;;;;;;;2;;;;867.500;
Pot. :;0;;Pajak :;0;;Biaya :;0;;Total Akhir :;867.500;;
 ;;;;;;;;;;;;
JL-0012519-26;;23/07/2026;;;PL1368;SUCI MILAWATI;;;KP BAHARI V/7 RT. 001 RW. 010 KEL. TANJUNG PRIOK KEC. TANJUNG PRIOK JAKARTA UTARA DKI JAKARTA;;;
No.;Kd. Item;Nama Item;;;;;Jml;Satuan;Harga;Pot. %;Total;
1;PASIR SPS (ALL VARIANT);PASIR ZEOLITE;;;;;1;@50 SAK;1.000.000;0;1.000.000;
;;;;;; ;;;;;;
;;;;;;;1;;;;1.000.000;
Pot. :;0;;Pajak :;0;;Biaya :;0;;Total Akhir :;1.000.000;;
 ;;;;;;;;;;;;
JL-0012524-26;;23/07/2026;;;PL6895;ARDHI SUGIA ARFILA;;;JL. TANJUNG RT. 008 RW. 005 KEL. CIRACAS KEC. CIRACAS JAKARTA TIMUR DKI JAKARTA;;;
No.;Kd. Item;Nama Item;;;;;Jml;Satuan;Harga;Pot. %;Total;
1;CAT CHOIZE SALMON 20KG;CAT CHOIZE SALMON 20KG;;;;;1;SAK;419.000;0;419.000;
2;CAT CHOIZE TUNA 20KG;CAT CHOIZE TUNA 20KG;;;;;1;SAK;419.000;0;419.000;
3;PBT-400GR-SAK;PUSSBITE TUNA 400 GR (SAK);;;;;1;SAK;368.500;0;368.500;
;;;;;; ;;;;;;
;;;;;;;3;;;;1.206.500;
Pot. :;0;;Pajak :;0;;Biaya :;0;;Total Akhir :;1.206.500;;
 ;;;;;;;;;;;;
JL-0012556-26;;24/07/2026;;;PL4101;NORMAT - LUBANG BUAYA;;;JL ALBAIDO RT.06/06 SMP 157  LUBANG BUAYA (SEBELAH DOK.SRI KUNING)  ;;;
No.;Kd. Item;Nama Item;;;;;Jml;Satuan;Harga;Pot. %;Total;
1;PAWSITIVE CAT SAND 25 L;PAWSITIVE CAT SAND 25 L;;;;;5;PCS;108.000;0;540.000;
;;;;;; ;;;;;;
;;;;;;;5;;;;540.000;
Pot. :;0;;Pajak :;0;;Biaya :;0;;Total Akhir :;540.000;;
 ;;;;;;;;;;;;
JL-0012572-26;;24/07/2026;;;PL1368;SUCI MILAWATI;;;KP BAHARI V/7 RT. 001 RW. 010 KEL. TANJUNG PRIOK KEC. TANJUNG PRIOK JAKARTA UTARA DKI JAKARTA;;;
No.;Kd. Item;Nama Item;;;;;Jml;Satuan;Harga;Pot. %;Total;
1;MARKOTOPS CAT LITTER 5.5 L;PASIR MARKOTOPS 5.5 L (ISI 5);;;;;10;PCS;30.000;0;300.000;
2;MISTER PUSS SALMON 20KG;MISTER PUSS SALMON 20KG;;;;;1;SAK;398.000;0;398.000;
;;;;;; ;;;;;;
;;;;;;;11;;;;698.000;
Pot. :;0;;Pajak :;0;;Biaya :;0;;Total Akhir :;698.000;;
 ;;;;;;;;;;;;
JL-0012579-26;;24/07/2026;;;PL5803;LEON - JATISAMPURNA;;;JL. NILAM II GG. NILAM 5 NO.50 RT 003/010 (PAGAR PT. FAUNA INDONESIA) KEL. JATIRADEN, KEC. JATISAMPURNA  ;;;
No.;Kd. Item;Nama Item;;;;;Jml;Satuan;Harga;Pot. %;Total;
1;BOLT CAT TUNA 20KG IKAN FRESHPACK;BOLT CAT TUNA 20KG IKAN FRESHPACK;;;;;30;SAK;415.000;0;12.450.000;
;;;;;; ;;;;;;
;;;;;;;30;;;;12.450.000;
Pot. :;0;;Pajak :;0;;Biaya :;0;;Total Akhir :;12.450.000;;
 ;;;;;;;;;;;;
JL-0012589-26;;24/07/2026;;;PL1072;DWI AGUNG SUBEKTI;;;JL PANCA WARGA IV RT 007/004 SIPINANG BESAR SELATAN JAKARTA TIMUR DKI JAKARTA;;;
No.;Kd. Item;Nama Item;;;;;Jml;Satuan;Harga;Pot. %;Total;
1;CAT CHOIZE SALMON 20KG;CAT CHOIZE SALMON 20KG;;;;;5;SAK;417.000;0;2.085.000;
2;CAT CHOIZE TUNA 20KG;CAT CHOIZE TUNA 20KG;;;;;5;SAK;417.000;0;2.085.000;
3;CAT CHOIZE KITTEN TUNA 20KG;CAT CHOIZE KITTEN TUNA 20KG;;;;;5;SAK;469.000;0;2.345.000;
4;EXCEL CAT 20 KG TI;EXCEL CAT 20 KG TUNA IKAN;;;;;2;SAK;418.500;0;837.000;
5;BEAUTY CAT 20KG - CHICKEN & SALMON;BEAUTY CAT 20KG - CHICKEN & SALMON;;;;;1;SAK;520.500;0;520.500;
6;LIFE CAT 20 KG;LIFE CAT 20 KG;;;;;2;SAK;530.500;0;1.061.000;
7;BOLT CAT MOTHER&KITTEN 20KG TUNA;BOLT CAT MOTHER&KITTEN 20KG TUNA;;;;;2;SAK;469.500;0;939.000;
8;CHESTER 20 KG FP - TUNA;CHESTER 20 KG FP - TUNA;;;;;1;SAK;377.000;0;377.000;
9;MPKM10K;MISTER PUSS KITTEN MAMA 10KG;;;;;4;SAK;225.500;0;902.000;
10;FELIBITE 500 GR I (SAK);FELIBITE 500 GR IKAN (SAK);;;;;1;SAK;440.500;0;440.500;
11;MEO 7 KG - TUNA;MEO 7 KG - TUNA;;;;;2;SAK;251.000;0;502.000;
12;MARKOTOPS CAT LITTER 25 L;PASIR MARKOTOPS 25 L;;;;;5;PCS;104.500;0;522.500;
13;TOP CAT LITTER 5 L;TOP CAT LITTER 5 L (ISI 6);;;;;24;PCS;25.500;0;612.000;
;;;;;; ;;;;;;
;;;;;;;59;;;;13.228.500;
Pot. :;0;;Pajak :;0;;Biaya :;0;;Total Akhir :;13.228.500;;
 ;;;;;;;;;;;;
JL-0012593-26;;24/07/2026;;;PL5500;DZUL FACHRY AZHARY;;;JL. TAPOS RAYA CIMPAEUN, KEC. TAPOS (PERMATA PANCING)  ;;;
No.;Kd. Item;Nama Item;;;;;Jml;Satuan;Harga;Pot. %;Total;
1;BEAUTY CAT 20KG - CHICKEN & SALMON;BEAUTY CAT 20KG - CHICKEN & SALMON;;;;;1;SAK;520.500;0;520.500;
;;;;;; ;;;;;;
;;;;;;;1;;;;520.500;
Pot. :;0;;Pajak :;0;;Biaya :;0;;Total Akhir :;520.500;;
 ;;;;;;;;;;;;
JL-0012609-26;;25/07/2026;;;PL4677;AHMED FAOUZI;;;JL MUJAHIDIN RT.011/002 RAMBUTAN CIRACAS( SAMPING SEKOLAHAN SMK WIJAYA KUSUMA )  ;;;
No.;Kd. Item;Nama Item;;;;;Jml;Satuan;Harga;Pot. %;Total;
1;BOLT CAT TUNA 20KG IKAN FRESHPACK;BOLT CAT TUNA 20KG IKAN FRESHPACK;;;;;4;SAK;415.000;0;1.660.000;
2;CAT CHOIZE TUNA 20KG;CAT CHOIZE TUNA 20KG;;;;;1;SAK;419.000;0;419.000;
3;LIFE CAT 20 KG;LIFE CAT 20 KG;;;;;1;SAK;532.500;0;532.500;
4;CHESTER 20 KG FP - TUNA;CHESTER 20 KG FP - TUNA;;;;;1;SAK;379.000;0;379.000;
5;CAT CHOIZE MOTHER & KITTEN 20KG;CAT CHOIZE MOTHER & KITTEN 20KG;;;;;1;SAK;472.000;0;472.000;
;;;;;; ;;;;;;
;;;;;;;8;;;;3.462.500;
Pot. :;0;;Pajak :;0;;Biaya :;0;;Total Akhir :;3.462.500;;
 ;;;;;;;;;;;;
JL-0012613-26;;25/07/2026;;;PL7041;NAZULIA;;;HL. BUDHI NO. 27 RT 003/0205 CAWANG KR.JATI JAKARTA TIMUR DKI JAKARTA;;;
No.;Kd. Item;Nama Item;;;;;Jml;Satuan;Harga;Pot. %;Total;
1;PASIR BOSSCAT 25 L;PASIR BOSS CAT 25 L;;;;;4;PCS;90.000;0;360.000;
;;;;;; ;;;;;;
;;;;;;;4;;;;360.000;
Pot. :;0;;Pajak :;0;;Biaya :;0;;Total Akhir :;360.000;;
 ;;;;;;;;;;;;
JL-0012677-26;;27/07/2026;;;PL0002;TEGUH PS;;;GUNUNG PUTRI  ;;;
No.;Kd. Item;Nama Item;;;;;Jml;Satuan;Harga;Pot. %;Total;
1;CHESTER 20 KG FP - TUNA;CHESTER 20 KG FP - TUNA;;;;;2;SAK;374.500;0;749.000;
2;BEAUTY CAT 20KG - CHICKEN & SALMON;BEAUTY CAT 20KG - CHICKEN & SALMON;;;;;1;SAK;520.500;0;520.500;
3;EXCEL CAT 20 KG TI;EXCEL CAT 20 KG TUNA IKAN;;;;;20;SAK;418.500;0;8.370.000;
4;BOLT CAT TUNA 20KG IKAN FRESHPACK;BOLT CAT TUNA 20KG IKAN FRESHPACK;;;;;20;SAK;410.500;0;8.210.000;
5;MISTER PUSS TUNA 20KG;MISTER PUSS TUNA 20KG;;;;;10;SAK;393.000;0;3.930.000;
6;MISTER PUSS SALMON 20KG;MISTER PUSS SALMON 20KG;;;;;10;SAK;393.000;0;3.930.000;
7;MARKOTOPS CAT LITTER 5.5 L;PASIR MARKOTOPS 5.5 L (ISI 5);;;;;5;PCS;28.000;0;140.000;
;;;;;; ;;;;;;
;;;;;;;68;;;;25.849.500;
Pot. :;0;;Pajak :;0;;Biaya :;0;;Total Akhir :;25.849.500;;
 ;;;;;;;;;;;;
JL-0012678-26;;27/07/2026;;;PL7083;ELSY PURWITASARI;;;SMA 58 CIRACAS NO.10 (DEKET KELURAHAN CICARAS SAMPING INDOMARET)  ;;;
No.;Kd. Item;Nama Item;;;;;Jml;Satuan;Harga;Pot. %;Total;
1;CAT CHOIZE TUNA 20KG;CAT CHOIZE TUNA 20KG;;;;;1;SAK;419.000;0;419.000;
2;CAT CHOIZE MOTHER & KITTEN 20KG;CAT CHOIZE MOTHER & KITTEN 20KG;;;;;1;SAK;472.000;0;472.000;
3;LIFE CAT 20 KG;LIFE CAT 20 KG;;;;;1;SAK;532.500;0;532.500;
;;;;;; ;;;;;;
;;;;;;;3;;;;1.423.500;
Pot. :;0;;Pajak :;0;;Biaya :;0;;Total Akhir :;1.423.500;;
 ;;;;;;;;;;;;
JL-0012683-26;;27/07/2026;;;PL4677;AHMED FAOUZI;;;JL MUJAHIDIN RT.011/002 RAMBUTAN CIRACAS( SAMPING SEKOLAHAN SMK WIJAYA KUSUMA )  ;;;
No.;Kd. Item;Nama Item;;;;;Jml;Satuan;Harga;Pot. %;Total;
1;CAT CHOIZE TUNA 20KG;CAT CHOIZE TUNA 20KG;;;;;1;SAK;419.000;0;419.000;
2;CAT CHOIZE KITTEN TUNA 20KG;CAT CHOIZE KITTEN TUNA 20KG;;;;;2;SAK;471.000;0;942.000;
3;CAT CHOIZE SALMON 20KG;CAT CHOIZE SALMON 20KG;;;;;1;SAK;419.000;0;419.000;
4;LIFE CAT 20 KG;LIFE CAT 20 KG;;;;;1;SAK;532.500;0;532.500;
5;BEAUTY CAT 20KG - CHICKEN & SALMON;BEAUTY CAT 20KG - CHICKEN & SALMON;;;;;1;SAK;523.000;0;523.000;
6;CHESTER 20 KG FP - TUNA;CHESTER 20 KG FP - TUNA;;;;;1;SAK;379.000;0;379.000;
7;TARO CAT LITTER 10 L;TARO CAT LITTER 10 L (ISI 3);;;;;3;PCS;45.500;0;136.500;
8;PASIR MIGOO 5 L (ISI 6);PASIR MIGOO 5 L (ISI 6);;;;;6;PCS;22.000;0;132.000;
9;PASIR MIGOO 10 L (ISI 3);PASIR MIGOO 10 L (ISI 3);;;;;3;PCS;41.000;0;123.000;
10;PASIR MIGOO 25 L;PASIR MIGOO 25 L;;;;;2;PCS;82.000;0;164.000;
;;;;;; ;;;;;;
;;;;;;;21;;;;3.770.000;
Pot. :;0;;Pajak :;0;;Biaya :;0;;Total Akhir :;3.770.000;;
 ;;;;;;;;;;;;
JL-0012686-26;;27/07/2026;;;PL3824;AHMAD SAIFUDIN;;;KP. UTAN RT008/008 RAGUNAN PS. MINGGU JAKARTA SELATAN DKI JAKARTA;;;
No.;Kd. Item;Nama Item;;;;;Jml;Satuan;Harga;Pot. %;Total;
1;LEZATO TUNA 20KG;LEZATO TUNA 20KG;;;;;1;SAK;398.000;0;398.000;
2;MISTER PUSS TUNA 20KG;MISTER PUSS TUNA 20KG;;;;;1;SAK;398.000;0;398.000;
3;MISTER PUSS SALMON 20KG;MISTER PUSS SALMON 20KG;;;;;1;SAK;398.000;0;398.000;
;;;;;; ;;;;;;
;;;;;;;3;;;;1.194.000;
Pot. :;0;;Pajak :;0;;Biaya :;0;;Total Akhir :;1.194.000;;
 ;;;;;;;;;;;;
JL-0012693-26;;27/07/2026;;;PL0137;SUNARDI;;;JL.SWADAYA II NO.43 RT.004/005  KEL.TANJUNG BARAT KEC. JAGAKARSA JAKARTA SELATAN DKI JAKARTA;;;
No.;Kd. Item;Nama Item;;;;;Jml;Satuan;Harga;Pot. %;Total;
1;PASIR SPS (ALL VARIANT);PASIR ZEOLITE;;;;;10;SAK;20.000;0;200.000;
;;;;;; ;;;;;;
;;;;;;;10;;;;200.000;
Pot. :;0;;Pajak :;0;;Biaya :;0;;Total Akhir :;200.000;;
 ;;;;;;;;;;;;
JL-0012702-26;;27/07/2026;;;PL3562;ADI CAHYADI;;;GROGOL RT.002/001 KEL. RANGKAPAN JAYA KEC. PANCORAN MAS KOTA DEPOK JAWA BARAT;;;
No.;Kd. Item;Nama Item;;;;;Jml;Satuan;Harga;Pot. %;Total;
1;BEAUTY CAT 20KG - CHICKEN & SALMON;BEAUTY CAT 20KG - CHICKEN & SALMON;;;;;2;SAK;523.000;0;1.046.000;
2;CUTIES CATZ 20KG FRESH PACK;CUTIES CATZ 20KG FRESH PACK;;;;;1;SAK;448.000;0;448.000;
;;;;;; ;;;;;;
;;;;;;;3;;;;1.494.000;
Pot. :;10.000;;Pajak :;0;;Biaya :;0;;Total Akhir :;1.484.000;;
 ;;;;;;;;;;;;
JL-0012715-26;;27/07/2026;;;PL6297;DINDIN SURYANA;;;JL. SWADAYA UTAMA NO.28 RT005/011 CURUG CIMANGGIS DEPOK JAWA BARAT;;;
No.;Kd. Item;Nama Item;;;;;Jml;Satuan;Harga;Pot. %;Total;
1;PBT-400GR-SAK;PUSSBITE TUNA 400 GR (SAK);;;;;1;SAK;368.500;0;368.500;
;;;;;; ;;;;;;
;;;;;;;1;;;;368.500;
Pot. :;0;;Pajak :;0;;Biaya :;0;;Total Akhir :;368.500;;
 ;;;;;;;;;;;;
JL-0012727-26;;27/07/2026;;;PL6850;DIDI HENDRAWAN RUDDIN;;;GRIYA MALAKA JAKARTA TIMUR DKI JAKARTA;;;
No.;Kd. Item;Nama Item;;;;;Jml;Satuan;Harga;Pot. %;Total;
1;PBT-400GR-SAK;PUSSBITE TUNA 400 GR (SAK);;;;;1;SAK;368.500;0;368.500;
2;PBS-400GR-SAK;PUSSBITE SALMON 400 GR (SAK);;;;;1;SAK;368.500;0;368.500;
;;;;;; ;;;;;;
;;;;;;;2;;;;737.000;
Pot. :;0;;Pajak :;0;;Biaya :;0;;Total Akhir :;737.000;;
 ;;;;;;;;;;;;
JL-0012729-26;;27/07/2026;;;PL5230;MIRNA FERIAN;;;JL KEBON BAWANG IX NO. 27 RT 016/001 KEBON BAWANG TANJUNG PRIOK JAKUT DKI JAKARTA;;;
No.;Kd. Item;Nama Item;;;;;Jml;Satuan;Harga;Pot. %;Total;
1;PASIR SPS (ALL VARIANT);PASIR ZEOLITE;;;;;10;SAK;20.000;0;200.000;
;;;;;; ;;;;;;
;;;;;;;10;;;;200.000;
Pot. :;0;;Pajak :;0;;Biaya :;0;;Total Akhir :;200.000;;
 ;;;;;;;;;;;;
JL-0012733-26;;27/07/2026;;;PL4676;ARIYANTO - JL. BELLY;;;JL.BELLY KP.ASEM RT.011/009 KEL.CIJANTUNG KEC. PS.REBO  ;;;
No.;Kd. Item;Nama Item;;;;;Jml;Satuan;Harga;Pot. %;Total;
1;LIFE CAT 20 KG;LIFE CAT 20 KG;;;;;1;SAK;532.500;0;532.500;
;;;;;; ;;;;;;
;;;;;;;1;;;;532.500;
Pot. :;0;;Pajak :;0;;Biaya :;0;;Total Akhir :;532.500;;
 ;;;;;;;;;;;;
JL-0012752-26;;28/07/2026;;;PL5899;RAINA SADIK ABD KADIR;;;JL.BUKIT DURI BARAT NO.04 RT.04/01, BUKIT DURI KEC.TEBET JAKARTA SELATAN DKI JAKARTA;;;
No.;Kd. Item;Nama Item;;;;;Jml;Satuan;Harga;Pot. %;Total;
1;BOLT CAT TUNA 20KG IKAN FRESHPACK;BOLT CAT TUNA 20KG IKAN FRESHPACK;;;;;1;SAK;415.000;0;415.000;
2;CHESTER 20 KG FP - TUNA;CHESTER 20 KG FP - TUNA;;;;;1;SAK;379.000;0;379.000;
3;EXCEL CAT 20 KG TI;EXCEL CAT 20 KG TUNA IKAN;;;;;1;SAK;423.500;0;423.500;
4;EXCEL CAT 20 KG C&T S;EXCEL CAT 20 KG CHICK&TUNA SEGITIGA;;;;;1;SAK;423.500;0;423.500;
5;EXCEL CAT 20 KG TD;EXCEL CAT 20 KG TUNA DONAT;;;;;1;SAK;423.500;0;423.500;
6;CAT CHOIZE KITTEN SALMON 20KG;CAT CHOIZE KITTEN SALMON 20KG;;;;;1;SAK;471.000;0;471.000;
7;CAT CHOIZE MOTHER & KITTEN 20KG;CAT CHOIZE MOTHER & KITTEN 20KG;;;;;1;SAK;472.000;0;472.000;
8;CAT CHOIZE TUNA 20KG;CAT CHOIZE TUNA 20KG;;;;;1;SAK;419.000;0;419.000;
9;CAT CHOIZE SALMON 20KG;CAT CHOIZE SALMON 20KG;;;;;1;SAK;419.000;0;419.000;
10;CAT CHOIZE KITTEN TUNA 20KG;CAT CHOIZE KITTEN TUNA 20KG;;;;;1;SAK;471.000;0;471.000;
;;;;;; ;;;;;;
;;;;;;;10;;;;4.316.500;
Pot. :;0;;Pajak :;0;;Biaya :;0;;Total Akhir :;4.316.500;;
 ;;;;;;;;;;;;
JL-0012777-26;;28/07/2026;;;PL0188;HADI SUTARNO;;;KELAPA DUA RESIDENCE BLOM G5 RT011/007 TUGU CIMANGGIS DEPOK JAWA BARAT;;;
No.;Kd. Item;Nama Item;;;;;Jml;Satuan;Harga;Pot. %;Total;
1;BOLT CAT TUNA 20KG IKAN FRESHPACK;BOLT CAT TUNA 20KG IKAN FRESHPACK;;;;;5;SAK;413.000;0;2.065.000;
2;BOLT CAT TUNA 20KG DONAT FRESHPACK;BOLT CAT TUNA 20KG DONAT FRESHPACK;;;;;1;SAK;413.000;0;413.000;
3;BOLT CAT SALMON 20KG FRESHPACK BULAT;BOLT CAT SALMON 20KG FRESHPACK BULAT;;;;;1;SAK;413.000;0;413.000;
4;CHESTER 20 KG FP - TUNA;CHESTER 20 KG FP - TUNA;;;;;2;SAK;377.000;0;754.000;
5;EXCEL CAT 20 KG TI;EXCEL CAT 20 KG TUNA IKAN;;;;;1;SAK;418.500;0;418.500;
6;EXCEL CAT 20 KG TD;EXCEL CAT 20 KG TUNA DONAT;;;;;1;SAK;418.500;0;418.500;
7;EXCEL CAT 20 KG C&T S;EXCEL CAT 20 KG CHICK&TUNA SEGITIGA;;;;;1;SAK;418.500;0;418.500;
8;EXCEL CAT 20 KG M&K;EXCEL CAT 20 KG MOTHER & KITTEN;;;;;1;SAK;465.000;0;465.000;
9;CAT CHOIZE SALMON 20KG;CAT CHOIZE SALMON 20KG;;;;;1;SAK;417.000;0;417.000;
10;CAT CHOIZE TUNA 20KG;CAT CHOIZE TUNA 20KG;;;;;1;SAK;417.000;0;417.000;
11;LEZATO TUNA 20KG;LEZATO TUNA 20KG;;;;;1;SAK;396.000;0;396.000;
12;PASIR SPS (ALL VARIANT);PASIR ZEOLITE;;;;;6;SAK;20.000;0;120.000;
13;MARKOTOPS CAT LITTER 5.5 L;PASIR MARKOTOPS 5.5 L (ISI 5);;;;;5;PCS;28.000;0;140.000;
;;;;;; ;;;;;;
;;;;;;;27;;;;6.855.500;
Pot. :;0;;Pajak :;0;;Biaya :;0;;Total Akhir :;6.855.500;;
 ;;;;;;;;;;;;
JL-0012789-26;;28/07/2026;;;PL0003;H. BAMBANG IRAWAN, S. PT;;;DEPOK DEPOK JAWA BARAT;;;
No.;Kd. Item;Nama Item;;;;;Jml;Satuan;Harga;Pot. %;Total;
1;CHESTER 20 KG FP - TUNA;CHESTER 20 KG FP - TUNA;;;;;10;SAK;377.000;0;3.770.000;
2;BOLT CAT TUNA 20KG IKAN FRESHPACK;BOLT CAT TUNA 20KG IKAN FRESHPACK;;;;;20;SAK;413.000;0;8.260.000;
;;;;;; ;;;;;;
;;;;;;;30;;;;12.030.000;
Pot. :;0;;Pajak :;0;;Biaya :;0;;Total Akhir :;12.030.000;;
 ;;;;;;;;;;;;
JL-0012812-26;;29/07/2026;;;PL6614;SITI AMNAH;;;PERUMAHAN JATINEGARA INDAH JL. GN PAPAN DAYAN 3 BLOK CD 27 CAKUNG JAKARTA TIMUR JAKARTA TIMUR DKI JAKARTA;;;
No.;Kd. Item;Nama Item;;;;;Jml;Satuan;Harga;Pot. %;Total;
1;CAT CHOIZE KITTEN TUNA 20KG;CAT CHOIZE KITTEN TUNA 20KG;;;;;2;SAK;471.000;0;942.000;
2;CAT CHOIZE KITTEN SALMON 20KG;CAT CHOIZE KITTEN SALMON 20KG;;;;;2;SAK;471.000;0;942.000;
3;CAT CHOIZE TUNA 20KG;CAT CHOIZE TUNA 20KG;;;;;6;SAK;419.000;0;2.514.000;
4;MARKOTOPS CAT LITTER 25 L;PASIR MARKOTOPS 25 L;;;;;50;PCS;106.500;0;5.325.000;
5;MARKOTOPS CAT LITTER 10 LTR;PASIR MARKOTOPS 10 L (ISI 3);;;;;24;PCS;52.500;0;1.260.000;
;;;;;; ;;;;;;
;;;;;;;84;;;;10.983.000;
Pot. :;0;;Pajak :;0;;Biaya :;0;;Total Akhir :;10.983.000;;
 ;;;;;;;;;;;;
JL-0012815-26;;29/07/2026;;;PL4596;YOUR DAILY PETSHOP (TOKO 1) - PINANG RANTI;;;JL. PUSDIKLAT DEPNAKER NO.22 A KEC. MAKASAR KEL. MAKASAR  ;;;
No.;Kd. Item;Nama Item;;;;;Jml;Satuan;Harga;Pot. %;Total;
1;BOLT CAT TUNA 20KG IKAN FRESHPACK;BOLT CAT TUNA 20KG IKAN FRESHPACK;;;;;4;SAK;415.000;0;1.660.000;
2;EXCEL CAT 20 KG TI;EXCEL CAT 20 KG TUNA IKAN;;;;;1;SAK;423.500;0;423.500;
;;;;;; ;;;;;;
;;;;;;;5;;;;2.083.500;
Pot. :;0;;Pajak :;0;;Biaya :;0;;Total Akhir :;2.083.500;;
 ;;;;;;;;;;;;
JL-0012816-26;;29/07/2026;;;PL3947;APRIYANTI TRIARINI;;;JL. MAWAR RAYA NO. 33 RT 12/10 GG. H. KUMING KALISARI 3 JAKARTA TIMUR ;;;
No.;Kd. Item;Nama Item;;;;;Jml;Satuan;Harga;Pot. %;Total;
1;BOLT DOG 20KG BEEF - FRESHPACK;BOLT DOG 20KG BEEF - FRESHPACK;;;;;3;SAK;335.000;0;1.005.000;
2;BOLT DOG 20KG LAMB - FRESHPACK;BOLT DOG 20KG LAMB - FRESHPACK;;;;;2;SAK;335.000;0;670.000;
3;MEO 7 KG - TUNA;MEO 7 KG - TUNA;;;;;1;SAK;253.000;0;253.000;
4;MEO 7 KG - SALMON;MEO 7 KG - SALMON;;;;;2;SAK;253.000;0;506.000;
;;;;;; ;;;;;;
;;;;;;;8;;;;2.434.000;
Pot. :;0;;Pajak :;0;;Biaya :;0;;Total Akhir :;2.434.000;;
 ;;;;;;;;;;;;
JL-0012822-26;;29/07/2026;;;PL1759;HADY (LEOPARD) - PS. MINGGU;;;JL. RAYA RAGUNAN KOMP. KEJAKSAAN AGUNG BLOK C NO.2 RT/RW 03/03 PASAR MINGGU  ;;;
No.;Kd. Item;Nama Item;;;;;Jml;Satuan;Harga;Pot. %;Total;
1;PASIR SPS (ALL VARIANT);PASIR ZEOLITE;;;;;18;SAK;20.000;0;360.000;
2;BOLT CAT TUNA 20KG IKAN FRESHPACK;BOLT CAT TUNA 20KG IKAN FRESHPACK;;;;;2;SAK;413.000;0;826.000;
3;CAT CHOIZE SALMON 20KG;CAT CHOIZE SALMON 20KG;;;;;1;SAK;417.000;0;417.000;
4;CAT CHOIZE TUNA 20KG;CAT CHOIZE TUNA 20KG;;;;;1;SAK;417.000;0;417.000;
5;CAT CHOIZE KITTEN SALMON 20KG;CAT CHOIZE KITTEN SALMON 20KG;;;;;1;SAK;469.000;0;469.000;
6;CAT CHOIZE KITTEN TUNA 20KG;CAT CHOIZE KITTEN TUNA 20KG;;;;;1;SAK;469.000;0;469.000;
7;MAXI CAT CHICKEN & TUNA 20KG;MAXI CAT FOOD CHICKEN TUNA 20KG;;;;;5;SAK;538.500;0;2.692.500;
8;CUTIES CATZ 20KG FRESH PACK;CUTIES CATZ 20KG FRESH PACK;;;;;1;SAK;446.000;0;446.000;
9;EXCEL CAT 20 KG TI;EXCEL CAT 20 KG TUNA IKAN;;;;;1;SAK;418.500;0;418.500;
10;LEZATO KITTEN TUNA 20KG;LEZATO KITTEN TUNA 20KG;;;;;1;SAK;424.500;0;424.500;
11;MISTER PUSS TUNA 20KG;MISTER PUSS TUNA 20KG;;;;;1;SAK;395.000;0;395.000;
12;LIFE CAT 20 KG;LIFE CAT 20 KG;;;;;1;SAK;530.500;0;530.500;
13;BEAUTY CAT 20KG - CHICKEN & SALMON;BEAUTY CAT 20KG - CHICKEN & SALMON;;;;;1;SAK;520.500;0;520.500;
14;HAPPY TUMMY CAT C&T 20 KG;HAPPY TUMMY CAT C&T 20 KG;;;;;1;SAK;383.500;0;383.500;
15;MAXI CAT SAND 30 L;PASIR MAXI 30 L;;;;;5;SAK;160.000;0;800.000;
;;;;;; ;;;;;;
;;;;;;;41;;;;9.569.000;
Pot. :;0;;Pajak :;0;;Biaya :;0;;Total Akhir :;9.569.000;;
 ;;;;;;;;;;;;
JL-0012829-26;;29/07/2026;;;PL5384;MIAW PETSHOP 3 - KRAMATJATI;;;JL. NUSA I RT 002/003 KEL. KRAMATJATI, KEC. KRAMATJATI  ;;;
No.;Kd. Item;Nama Item;;;;;Jml;Satuan;Harga;Pot. %;Total;
1;MARKOTOPS CAT LITTER 5.5 L;PASIR MARKOTOPS 5.5 L (ISI 5);;;;;10;PCS;30.000;0;300.000;
;;;;;; ;;;;;;
;;;;;;;10;;;;300.000;
Pot. :;0;;Pajak :;0;;Biaya :;0;;Total Akhir :;300.000;;
 ;;;;;;;;;;;;
JL-0012832-26;;29/07/2026;;;PL7083;ELSY PURWITASARI;;;SMA 58 CIRACAS NO.10 (DEKET KELURAHAN CICARAS SAMPING INDOMARET)  ;;;
No.;Kd. Item;Nama Item;;;;;Jml;Satuan;Harga;Pot. %;Total;
1;CHESTER 20 KG FP - TUNA;CHESTER 20 KG FP - TUNA;;;;;1;SAK;379.000;0;379.000;
;;;;;; ;;;;;;
;;;;;;;1;;;;379.000;
Pot. :;0;;Pajak :;0;;Biaya :;0;;Total Akhir :;379.000;;
 ;;;;;;;;;;;;
JL-0012840-26;;29/07/2026;;;PL0258;TOKO LELE - PD. RANGON;;;PDK. RANGON JAKARTA TIMUR DKI JAKARTA;;;
No.;Kd. Item;Nama Item;;;;;Jml;Satuan;Harga;Pot. %;Total;
1;EXCEL CAT 20 KG TD;EXCEL CAT 20 KG TUNA DONAT;;;;;1;SAK;423.500;0;423.500;
;;;;;; ;;;;;;
;;;;;;;1;;;;423.500;
Pot. :;0;;Pajak :;0;;Biaya :;0;;Total Akhir :;423.500;;
 ;;;;;;;;;;;;
JL-0012845-26;;29/07/2026;;;PL5230;MIRNA FERIAN;;;JL KEBON BAWANG IX NO. 27 RT 016/001 KEBON BAWANG TANJUNG PRIOK JAKUT DKI JAKARTA;;;
No.;Kd. Item;Nama Item;;;;;Jml;Satuan;Harga;Pot. %;Total;
1;CUTIES CATZ 20KG FRESH PACK;CUTIES CATZ 20KG FRESH PACK;;;;;1;SAK;446.000;0;446.000;
;;;;;; ;;;;;;
;;;;;;;1;;;;446.000;
Pot. :;0;;Pajak :;0;;Biaya :;0;;Total Akhir :;446.000;;
 ;;;;;;;;;;;;
JL-0012850-26;;29/07/2026;;;PL7762;RAGIL TABAH UJIANSYAH;;;JL. A YANI RT.002/000 KEL. SELINSING KEC. GANTUNG KABUPATEN BELITUNG TIMUR KEPULAUAN BANGKA BELITUNG;;;
No.;Kd. Item;Nama Item;;;;;Jml;Satuan;Harga;Pot. %;Total;
1;EXCEL CAT 20 KG C&T S;EXCEL CAT 20 KG CHICK&TUNA SEGITIGA;;;;;8;SAK;423.500;0;3.388.000;
2;EXCEL CAT 20 KG M&K;EXCEL CAT 20 KG MOTHER & KITTEN;;;;;8;SAK;470.000;0;3.760.000;
3;EXCEL CAT 20 KG TD;EXCEL CAT 20 KG TUNA DONAT;;;;;8;SAK;423.500;0;3.388.000;
4;BOLT CAT TUNA 20KG IKAN FRESHPACK;BOLT CAT TUNA 20KG IKAN FRESHPACK;;;;;5;SAK;415.000;0;2.075.000;
5;BOLT CAT SALMON 20KG FRESHPACK BULAT;BOLT CAT SALMON 20KG FRESHPACK BULAT;;;;;5;SAK;415.000;0;2.075.000;
6;BOLT CAT TUNA 20KG DONAT FRESHPACK;BOLT CAT TUNA 20KG DONAT FRESHPACK;;;;;5;SAK;415.000;0;2.075.000;
7;CAT CHOIZE TUNA 20KG;CAT CHOIZE TUNA 20KG;;;;;5;SAK;419.000;0;2.095.000;
8;CAT CHOIZE SALMON 20KG;CAT CHOIZE SALMON 20KG;;;;;5;SAK;419.000;0;2.095.000;
9;CAT CHOIZE KITTEN SALMON 20KG;CAT CHOIZE KITTEN SALMON 20KG;;;;;5;SAK;471.000;0;2.355.000;
10;CAT CHOIZE KITTEN TUNA 20KG;CAT CHOIZE KITTEN TUNA 20KG;;;;;5;SAK;471.000;0;2.355.000;
11;CAT CHOIZE MOTHER & KITTEN 20KG;CAT CHOIZE MOTHER & KITTEN 20KG;;;;;5;SAK;472.000;0;2.360.000;
;;;;;; ;;;;;;
;;;;;;;64;;;;28.021.000;
Pot. :;0;;Pajak :;0;;Biaya :;0;;Total Akhir :;28.021.000;;
 ;;;;;;;;;;;;
JL-0012859-26;;29/07/2026;;;PL4624;TRI WIHARTO;;;JL. KEBAGUSAN 4 DALAM NO.83  ;;;
No.;Kd. Item;Nama Item;;;;;Jml;Satuan;Harga;Pot. %;Total;
1;MARKOTOPS CAT LITTER 25 L;PASIR MARKOTOPS 25 L;;;;;1;PCS;106.500;0;106.500;
;;;;;; ;;;;;;
;;;;;;;1;;;;106.500;
Pot. :;0;;Pajak :;0;;Biaya :;0;;Total Akhir :;106.500;;
 ;;;;;;;;;;;;
JL-0012860-26;;29/07/2026;;;PL5606;WILD VET - GONGSENG;;;JL. GONGSENG RAYA NO.04 RT 001/010 KEL. GONGSENG, KEC. PS. REBO (SAMPING ES TEH INDONESIA)  ;;;
No.;Kd. Item;Nama Item;;;;;Jml;Satuan;Harga;Pot. %;Total;
1;TOP CAT LITTER 25 L;TOP CAT LITTER 25 L;;;;;1;PCS;105.000;0;105.000;
;;;;;; ;;;;;;
;;;;;;;1;;;;105.000;
Pot. :;0;;Pajak :;0;;Biaya :;0;;Total Akhir :;105.000;;
 ;;;;;;;;;;;;
JL-0012862-26;;29/07/2026;;;PL6217;LUSI INDRIYANI;;;CIPINANG ASEM NO.25 RT 012/002 KEL. KEBON PALA, KEC. MAKASAR JAKARTA TIMUR DKI JAKARTA;;;
No.;Kd. Item;Nama Item;;;;;Jml;Satuan;Harga;Pot. %;Total;
1;EXCEL CAT 20 KG TI;EXCEL CAT 20 KG TUNA IKAN;;;;;1;SAK;423.500;0;423.500;
2;EXCEL CAT 20 KG M&K;EXCEL CAT 20 KG MOTHER & KITTEN;;;;;1;SAK;470.000;0;470.000;
;;;;;; ;;;;;;
;;;;;;;2;;;;893.500;
Pot. :;0;;Pajak :;0;;Biaya :;0;;Total Akhir :;893.500;;
 ;;;;;;;;;;;;
JL-0012867-26;;29/07/2026;;;PL5369;PHENG TJUI;;;PERUMNAS TOKOJO RT.004/013 KIJANG KOTA KEC.BINTAN TIMUR  ;;;
No.;Kd. Item;Nama Item;;;;;Jml;Satuan;Harga;Pot. %;Total;
1;MISTER PUSS TUNA 20KG;MISTER PUSS TUNA 20KG;;;;;20;SAK;395.000;0;7.900.000;
2;MISTER PUSS SALMON 20KG;MISTER PUSS SALMON 20KG;;;;;20;SAK;395.000;0;7.900.000;
3;CHESTER 20 KG FP - TUNA;CHESTER 20 KG FP - TUNA;;;;;10;SAK;377.000;0;3.770.000;
4;FELIBITE 500 GR I (SAK);FELIBITE 500 GR IKAN (SAK);;;;;10;SAK;440.500;0;4.405.000;
5;BOLT CAT MOTHER&KITTEN 20KG SALMON;BOLT CAT MOTHER&KITTEN 20KG SALMON;;;;;5;SAK;469.500;0;2.347.500;
6;BOLT CAT MOTHER&KITTEN 20KG TUNA;BOLT CAT MOTHER&KITTEN 20KG TUNA;;;;;5;SAK;469.500;0;2.347.500;
7;MPKM10K;MISTER PUSS KITTEN MAMA 10KG;;;;;10;SAK;225.500;0;2.255.000;
;;;;;; ;;;;;;
;;;;;;;80;;;;30.925.000;
Pot. :;0;;Pajak :;0;;Biaya :;0;;Total Akhir :;30.925.000;;
 ;;;;;;;;;;;;
JL-0012871-26;;29/07/2026;;;PL1751;SETIAWAN;;;JL. LANGGAR H. MAUN NO. 65 B RT 003/006 TANJUNG BARAT JAGAKARSA JAKARTA SELATAN DKI JAKARTA;;;
No.;Kd. Item;Nama Item;;;;;Jml;Satuan;Harga;Pot. %;Total;
1;MEO 7 KG - TUNA;MEO 7 KG - TUNA;;;;;1;SAK;251.000;0;251.000;
;;;;;; ;;;;;;
;;;;;;;1;;;;251.000;
Pot. :;0;;Pajak :;0;;Biaya :;0;;Total Akhir :;251.000;;
 ;;;;;;;;;;;;
JL-0012888-26;;30/07/2026;;;PL3737;ANDI LILLIAN - CIBUBUR;;;JL. SEROJA NO. 33 CIBUBUR JAKARTA TIMUR ;;;
No.;Kd. Item;Nama Item;;;;;Jml;Satuan;Harga;Pot. %;Total;
1;MAXI CAT SAND 30 L;PASIR MAXI 30 L;;;;;2;@5 SAK;825.000;0;1.650.000;
;;;;;; ;;;;;;
;;;;;;;2;;;;1.650.000;
Pot. :;0;;Pajak :;0;;Biaya :;0;;Total Akhir :;1.650.000;;
 ;;;;;;;;;;;;
JL-0012914-26;;30/07/2026;;;PL0330;DANI - KELAPA DUA WETAN;;;JL. RAYA KELAPA DUA WETAN KOMPLEK PTB RT.08/05 JAKARTA TIMUR DKI JAKARTA;;;
No.;Kd. Item;Nama Item;;;;;Jml;Satuan;Harga;Pot. %;Total;
1;PASIR SPS (ALL VARIANT);PASIR ZEOLITE;;;;;1;@50 SAK;1.000.000;0;1.000.000;
2;TOP CAT LITTER 25 L;TOP CAT LITTER 25 L;;;;;3;PCS;105.000;0;315.000;
;;;;;; ;;;;;;
;;;;;;;4;;;;1.315.000;
Pot. :;0;;Pajak :;0;;Biaya :;0;;Total Akhir :;1.315.000;;
 ;;;;;;;;;;;;
JL-0012915-26;;30/07/2026;;;PL4226;RIYADI ANDI MATONDANG;;;KP. BARU, RT 011/009 NO.45  ;;;
No.;Kd. Item;Nama Item;;;;;Jml;Satuan;Harga;Pot. %;Total;
1;PASIR SPS (ALL VARIANT);PASIR ZEOLITE;;;;;10;SAK;23.500;0;235.000;
;;;;;; ;;;;;;
;;;;;;;10;;;;235.000;
Pot. :;0;;Pajak :;0;;Biaya :;0;;Total Akhir :;235.000;;
 ;;;;;;;;;;;;
JL-0012931-26;;31/07/2026;;;PL4677;AHMED FAOUZI;;;JL MUJAHIDIN RT.011/002 RAMBUTAN CIRACAS( SAMPING SEKOLAHAN SMK WIJAYA KUSUMA )  ;;;
No.;Kd. Item;Nama Item;;;;;Jml;Satuan;Harga;Pot. %;Total;
1;TARO CAT LITTER 10 L;TARO CAT LITTER 10 L (ISI 3);;;;;3;PCS;45.500;0;136.500;
;;;;;; ;;;;;;
;;;;;;;3;;;;136.500;
Pot. :;0;;Pajak :;0;;Biaya :;0;;Total Akhir :;136.500;;
 ;;;;;;;;;;;;
JL-0012930-26;;31/07/2026;;;PL5899;RAINA SADIK ABD KADIR;;;JL.BUKIT DURI BARAT NO.04 RT.04/01, BUKIT DURI KEC.TEBET JAKARTA SELATAN DKI JAKARTA;;;
No.;Kd. Item;Nama Item;;;;;Jml;Satuan;Harga;Pot. %;Total;
1;FELIBITE 500 GR I (SAK);FELIBITE 500 GR IKAN (SAK);;;;;2;SAK;443.000;0;886.000;
2;EXCEL CAT 20 KG TI;EXCEL CAT 20 KG TUNA IKAN;;;;;1;SAK;423.500;0;423.500;
3;LIFE CAT 20 KG;LIFE CAT 20 KG;;;;;1;SAK;532.500;0;532.500;
4;CHESTER 20 KG FP - TUNA;CHESTER 20 KG FP - TUNA;;;;;1;SAK;379.000;0;379.000;
;;;;;; ;;;;;;
;;;;;;;5;;;;2.221.000;
Pot. :;0;;Pajak :;0;;Biaya :;0;;Total Akhir :;2.221.000;;
 ;;;;;;;;;;;;
JL-0012944-26;;31/07/2026;;;PL1599;TONO;;;JL.RAYA TENGAH RT 08/03 CONDET JAKARTA TIMUR ;;;
No.;Kd. Item;Nama Item;;;;;Jml;Satuan;Harga;Pot. %;Total;
1;CAT CHOIZE SALMON 20KG;CAT CHOIZE SALMON 20KG;;;;;5;SAK;419.000;0;2.095.000;
2;CAT CHOIZE TUNA 20KG;CAT CHOIZE TUNA 20KG;;;;;5;SAK;419.000;0;2.095.000;
3;CAT CHOIZE KITTEN TUNA 20KG;CAT CHOIZE KITTEN TUNA 20KG;;;;;2;SAK;471.000;0;942.000;
4;CAT CHOIZE KITTEN SALMON 20KG;CAT CHOIZE KITTEN SALMON 20KG;;;;;2;SAK;471.000;0;942.000;
5;CAT CHOIZE MOTHER & KITTEN 20KG;CAT CHOIZE MOTHER & KITTEN 20KG;;;;;2;SAK;472.000;0;944.000;
6;BOLT CAT TUNA 20KG IKAN FRESHPACK;BOLT CAT TUNA 20KG IKAN FRESHPACK;;;;;5;SAK;415.000;0;2.075.000;
7;BOLT CAT TUNA 20KG DONAT FRESHPACK;BOLT CAT TUNA 20KG DONAT FRESHPACK;;;;;2;SAK;415.000;0;830.000;
8;BOLT CAT MOTHER&KITTEN 20KG TUNA;BOLT CAT MOTHER&KITTEN 20KG TUNA;;;;;1;SAK;471.500;0;471.500;
9;TOP CAT LITTER 25 L;TOP CAT LITTER 25 L;;;;;1;PCS;105.000;0;105.000;
;;;;;; ;;;;;;
;;;;;;;25;;;;10.499.500;
Pot. :;0;;Pajak :;0;;Biaya :;0;;Total Akhir :;10.499.500;;
 ;;;;;;;;;;;;
JL-0012946-26;;31/07/2026;;;PL6167;JHONY GURNING;;;BUMI SENTOSA BLOK B-12 NO.1 RT 004/009 NAGGEWER MEKAR CIBINONG BOGOR JAWA BARAT;;;
No.;Kd. Item;Nama Item;;;;;Jml;Satuan;Harga;Pot. %;Total;
1;PAWSITIVE CAT SAND 5.5 L (ISI 5);PAWSITIVE CAT SAND 5.5 L (ISI 5);;;;;5;PCS;30.500;0;152.500;
;;;;;; ;;;;;;
;;;;;;;5;;;;152.500;
Pot. :;0;;Pajak :;0;;Biaya :;0;;Total Akhir :;152.500;;
 ;;;;;;;;;;;;
JL-0012947-26;;31/07/2026;;;PL3969;RINAWATI - MUNJUL;;;JL. RAYA MALAKA NO.11 RT 06/06 KEL. MUNJUL - CIPAYUNG ( DEKAT GANG BUTON) JAK TIMUR ;;;
No.;Kd. Item;Nama Item;;;;;Jml;Satuan;Harga;Pot. %;Total;
1;LIFE CAT 20 KG;LIFE CAT 20 KG;;;;;1;SAK;532.500;0;532.500;
2;PBT-400GR-SAK;PUSSBITE TUNA 400 GR (SAK);;;;;1;SAK;368.500;0;368.500;
;;;;;; ;;;;;;
;;;;;;;2;;;;901.000;
Pot. :;0;;Pajak :;0;;Biaya :;0;;Total Akhir :;901.000;;
 ;;;;;;;;;;;;
JL-0012962-26;;31/07/2026;;;PL1368;SUCI MILAWATI;;;KP BAHARI V/7 RT. 001 RW. 010 KEL. TANJUNG PRIOK KEC. TANJUNG PRIOK JAKARTA UTARA DKI JAKARTA;;;
No.;Kd. Item;Nama Item;;;;;Jml;Satuan;Harga;Pot. %;Total;
1;PAWSITIVE CAT SAND 5.5 L (ISI 5);PAWSITIVE CAT SAND 5.5 L (ISI 5);;;;;10;PCS;30.500;0;305.000;
;;;;;; ;;;;;;
;;;;;;;10;;;;305.000;
Pot. :;0;;Pajak :;0;;Biaya :;0;;Total Akhir :;305.000;;
 ;;;;;;;;;;;;
 ;;;;;;;;;;;;
;;;;;;TOTAL KESELURUHAN :;;;Jumlah Item :;3.483;;
;;;;;;;;;Sub Total :;835.484.000;;
;;;;;;;;;Potongan :;10.000;;
;;;;;;;;;Pajak :;0;;
;;;;;;;;;Biaya Lain :;0;;
;;;;;;;;;Total Akhir :;835.474.000;;
14/09/2026 08:56;;REPORT;;;;;;;;;;1/1
